feature,date,season,team1,team2,announcement_date,source_url,source_revision,verification,source_index
CollegeGameDayOnsite,2018-09-01,2018,Michigan,Notre Dame,,https://en.wikipedia.org/wiki/List_of_College_GameDay_(football_TV_program)_locations,1374826426,historical_archive,197.0
CollegeGameDayOnsite,2018-09-08,2018,Clemson,Texas A&M,,https://en.wikipedia.org/wiki/List_of_College_GameDay_(football_TV_program)_locations,1374826426,historical_archive,209.0
CollegeGameDayOnsite,2018-09-15,2018,Ohio State,TCU,,https://en.wikipedia.org/wiki/List_of_College_GameDay_(football_TV_program)_locations,1374826426,historical_archive,1043908.0
CollegeGameDayOnsite,2018-09-22,2018,Stanford,Oregon,,https://en.wikipedia.org/wiki/List_of_College_GameDay_(football_TV_program)_locations,1374826426,historical_archive,233.0
CollegeGameDayOnsite,2018-09-29,2018,Ohio State,Penn State,,https://en.wikipedia.org/wiki/List_of_College_GameDay_(football_TV_program)_locations,1374826426,historical_archive,1043924.0
CollegeGameDayOnsite,2018-10-06,2018,Texas,Oklahoma,,https://en.wikipedia.org/wiki/List_of_College_GameDay_(football_TV_program)_locations,1374826426,historical_archive,259.0
CollegeGameDayOnsite,2018-10-13,2018,Wisconsin,Michigan,,https://en.wikipedia.org/wiki/List_of_College_GameDay_(football_TV_program)_locations,1374826426,historical_archive,272.0
CollegeGameDayOnsite,2018-10-20,2018,Oregon,Washington State,,https://en.wikipedia.org/wiki/List_of_College_GameDay_(football_TV_program)_locations,1374826426,historical_archive,1043946.0
CollegeGameDayOnsite,2018-10-27,2018,Florida,Georgia,,https://en.wikipedia.org/wiki/List_of_College_GameDay_(football_TV_program)_locations,1374826426,historical_archive,296.0
CollegeGameDayOnsite,2018-11-03,2018,Alabama,LSU,,https://en.wikipedia.org/wiki/List_of_College_GameDay_(football_TV_program)_locations,1374826426,historical_archive,308.0
CollegeGameDayOnsite,2018-11-10,2018,Clemson,Boston College,,https://en.wikipedia.org/wiki/List_of_College_GameDay_(football_TV_program)_locations,1374826426,historical_archive,322.0
CollegeGameDayOnsite,2018-11-17,2018,Cincinnati,UCF,,https://en.wikipedia.org/wiki/List_of_College_GameDay_(football_TV_program)_locations,1374826426,historical_archive,
CollegeGameDayOnsite,2018-11-24,2018,Michigan,Ohio State,,https://en.wikipedia.org/wiki/List_of_College_GameDay_(football_TV_program)_locations,1374826426,historical_archive,1043989.0
CollegeGameDayOnsite,2018-12-01,2018,Alabama,Georgia,,https://en.wikipedia.org/wiki/List_of_College_GameDay_(football_TV_program)_locations,1374826426,historical_archive,
CollegeGameDayOnsite,2018-12-08,2018,Navy,Army,,https://en.wikipedia.org/wiki/List_of_College_GameDay_(football_TV_program)_locations,1374826426,historical_archive,
CollegeGameDayOnsite,2018-12-29,2018,Oklahoma,Alabama,,https://en.wikipedia.org/wiki/List_of_College_GameDay_(football_TV_program)_locations,1374826426,historical_archive,
CollegeGameDayOnsite,2019-01-01,2018,Washington,Ohio State,,https://en.wikipedia.org/wiki/List_of_College_GameDay_(football_TV_program)_locations,1374826426,historical_archive,
CollegeGameDayOnsite,2019-01-07,2018,Clemson,Alabama,,https://en.wikipedia.org/wiki/List_of_College_GameDay_(football_TV_program)_locations,1374826426,historical_archive,
CollegeGameDayOnsite,2019-08-24,2019,Miami,Florida,,https://en.wikipedia.org/wiki/List_of_College_GameDay_(football_TV_program)_locations,1374826426,historical_archive,14.0
CollegeGameDayOnsite,2019-08-29,2019,Georgia Tech,Clemson,,https://en.wikipedia.org/wiki/List_of_College_GameDay_(football_TV_program)_locations,1374826426,historical_archive,
CollegeGameDayOnsite,2019-08-31,2019,Oregon,Auburn,,https://en.wikipedia.org/wiki/List_of_College_GameDay_(football_TV_program)_locations,1374826426,historical_archive,15.0
CollegeGameDayOnsite,2019-09-07,2019,LSU,Texas,,https://en.wikipedia.org/wiki/List_of_College_GameDay_(football_TV_program)_locations,1374826426,historical_archive,26.0
CollegeGameDayOnsite,2019-09-14,2019,Iowa,Iowa State,,https://en.wikipedia.org/wiki/List_of_College_GameDay_(football_TV_program)_locations,1374826426,historical_archive,1043801.0
CollegeGameDayOnsite,2019-09-21,2019,Notre Dame,Georgia,,https://en.wikipedia.org/wiki/List_of_College_GameDay_(football_TV_program)_locations,1374826426,historical_archive,51.0
CollegeGameDayOnsite,2019-09-28,2019,Ohio State,Nebraska,,https://en.wikipedia.org/wiki/List_of_College_GameDay_(football_TV_program)_locations,1374826426,historical_archive,1043814.0
CollegeGameDayOnsite,2019-10-05,2019,Auburn,Florida,,https://en.wikipedia.org/wiki/List_of_College_GameDay_(football_TV_program)_locations,1374826426,historical_archive,75.0
CollegeGameDayOnsite,2019-10-12,2019,Florida,LSU,,https://en.wikipedia.org/wiki/List_of_College_GameDay_(football_TV_program)_locations,1374826426,historical_archive,89.0
CollegeGameDayOnsite,2019-10-19,2019,Michigan,Penn State,,https://en.wikipedia.org/wiki/List_of_College_GameDay_(football_TV_program)_locations,1374826426,historical_archive,1043834.0
CollegeGameDayOnsite,2019-10-26,2019,North Dakota State,South Dakota State,,https://en.wikipedia.org/wiki/List_of_College_GameDay_(football_TV_program)_locations,1374826426,historical_archive,
CollegeGameDayOnsite,2019-11-02,2019,SMU,Memphis,,https://en.wikipedia.org/wiki/List_of_College_GameDay_(football_TV_program)_locations,1374826426,historical_archive,130.0
CollegeGameDayOnsite,2019-11-09,2019,LSU,Alabama,,https://en.wikipedia.org/wiki/List_of_College_GameDay_(football_TV_program)_locations,1374826426,historical_archive,137.0
CollegeGameDayOnsite,2019-11-16,2019,Oklahoma,Baylor,,https://en.wikipedia.org/wiki/List_of_College_GameDay_(football_TV_program)_locations,1374826426,historical_archive,147.0
CollegeGameDayOnsite,2019-11-23,2019,Penn State,Ohio State,,https://en.wikipedia.org/wiki/List_of_College_GameDay_(football_TV_program)_locations,1374826426,historical_archive,1043876.0
CollegeGameDayOnsite,2019-11-30,2019,Wisconsin,Minnesota,,https://en.wikipedia.org/wiki/List_of_College_GameDay_(football_TV_program)_locations,1374826426,historical_archive,178.0
CollegeGameDayOnsite,2019-12-07,2019,Georgia,LSU,,https://en.wikipedia.org/wiki/List_of_College_GameDay_(football_TV_program)_locations,1374826426,historical_archive,
CollegeGameDayOnsite,2019-12-14,2019,Army,Navy,,https://en.wikipedia.org/wiki/List_of_College_GameDay_(football_TV_program)_locations,1374826426,historical_archive,
CollegeGameDayOnsite,2019-12-28,2019,Clemson,Ohio State,,https://en.wikipedia.org/wiki/List_of_College_GameDay_(football_TV_program)_locations,1374826426,historical_archive,
CollegeGameDayOnsite,2020-01-01,2019,Oregon,Wisconsin,,https://en.wikipedia.org/wiki/List_of_College_GameDay_(football_TV_program)_locations,1374826426,historical_archive,
CollegeGameDayOnsite,2020-01-13,2019,Clemson,LSU,,https://en.wikipedia.org/wiki/List_of_College_GameDay_(football_TV_program)_locations,1374826426,historical_archive,
CollegeGameDayOnsite,2021-08-28,2021,Alcorn State,North Carolina Central,,https://en.wikipedia.org/wiki/List_of_College_GameDay_(football_TV_program)_locations,1374826426,historical_archive,
CollegeGameDayOnsite,2021-09-04,2021,Georgia,Clemson,,https://en.wikipedia.org/wiki/List_of_College_GameDay_(football_TV_program)_locations,1374826426,historical_archive,1509.0
CollegeGameDayOnsite,2021-09-11,2021,Iowa,Iowa State,,https://en.wikipedia.org/wiki/List_of_College_GameDay_(football_TV_program)_locations,1374826426,historical_archive,1529.0
CollegeGameDayOnsite,2021-09-18,2021,Auburn,Penn State,,https://en.wikipedia.org/wiki/List_of_College_GameDay_(football_TV_program)_locations,1374826426,historical_archive,1556.0
CollegeGameDayOnsite,2021-09-25,2021,Notre Dame,Wisconsin,,https://en.wikipedia.org/wiki/List_of_College_GameDay_(football_TV_program)_locations,1374826426,historical_archive,1567.0
CollegeGameDayOnsite,2021-10-02,2021,Arkansas,Georgia,,https://en.wikipedia.org/wiki/List_of_College_GameDay_(football_TV_program)_locations,1374826426,historical_archive,1588.0
CollegeGameDayOnsite,2021-10-09,2021,Oklahoma,Texas,,https://en.wikipedia.org/wiki/List_of_College_GameDay_(football_TV_program)_locations,1374826426,historical_archive,1610.0
CollegeGameDayOnsite,2021-10-16,2021,Kentucky,Georgia,,https://en.wikipedia.org/wiki/List_of_College_GameDay_(football_TV_program)_locations,1374826426,historical_archive,1635.0
CollegeGameDayOnsite,2021-10-23,2021,Oregon,UCLA,,https://en.wikipedia.org/wiki/List_of_College_GameDay_(football_TV_program)_locations,1374826426,historical_archive,1660.0
CollegeGameDayOnsite,2021-10-30,2021,Michigan,Michigan State,,https://en.wikipedia.org/wiki/List_of_College_GameDay_(football_TV_program)_locations,1374826426,historical_archive,1672.0
CollegeGameDayOnsite,2021-11-06,2021,Tulsa,Cincinnati,,https://en.wikipedia.org/wiki/List_of_College_GameDay_(football_TV_program)_locations,1374826426,historical_archive,1707.0
CollegeGameDayOnsite,2021-11-13,2021,Texas A&M,Ole Miss,,https://en.wikipedia.org/wiki/List_of_College_GameDay_(football_TV_program)_locations,1374826426,historical_archive,1737.0
CollegeGameDayOnsite,2021-11-20,2021,Michigan State,Ohio State,,https://en.wikipedia.org/wiki/List_of_College_GameDay_(football_TV_program)_locations,1374826426,historical_archive,1750.0
CollegeGameDayOnsite,2021-11-27,2021,Ohio State,Michigan,,https://en.wikipedia.org/wiki/List_of_College_GameDay_(football_TV_program)_locations,1374826426,historical_archive,1786.0
CollegeGameDayOnsite,2021-12-04,2021,Georgia,Alabama,,https://en.wikipedia.org/wiki/List_of_College_GameDay_(football_TV_program)_locations,1374826426,historical_archive,1808.0
CollegeGameDayOnsite,2021-12-11,2021,Army,Navy,,https://en.wikipedia.org/wiki/List_of_College_GameDay_(football_TV_program)_locations,1374826426,historical_archive,1812.0
CollegeGameDayOnsite,2021-12-31,2021,Georgia,Michigan,,https://en.wikipedia.org/wiki/List_of_College_GameDay_(football_TV_program)_locations,1374826426,historical_archive,
CollegeGameDayOnsite,2022-01-01,2021,Utah,Ohio State,,https://en.wikipedia.org/wiki/List_of_College_GameDay_(football_TV_program)_locations,1374826426,historical_archive,
CollegeGameDayOnsite,2022-01-10,2021,Georgia,Alabama,,https://en.wikipedia.org/wiki/List_of_College_GameDay_(football_TV_program)_locations,1374826426,historical_archive,
CollegeGameDayOnsite,2022-09-01,2022,West Virginia,Pittsburgh,,https://en.wikipedia.org/wiki/List_of_College_GameDay_(football_TV_program)_locations,1374826426,historical_archive,1150.0
CollegeGameDayOnsite,2022-09-03,2022,Notre Dame,Ohio State,,https://en.wikipedia.org/wiki/List_of_College_GameDay_(football_TV_program)_locations,1374826426,historical_archive,1172.0
CollegeGameDayOnsite,2022-09-10,2022,Alabama,Texas,,https://en.wikipedia.org/wiki/List_of_College_GameDay_(football_TV_program)_locations,1374826426,historical_archive,1181.0
CollegeGameDayOnsite,2022-09-17,2022,Troy,App State,,https://en.wikipedia.org/wiki/List_of_College_GameDay_(football_TV_program)_locations,1374826426,historical_archive,
CollegeGameDayOnsite,2022-09-24,2022,Florida,Tennessee,,https://en.wikipedia.org/wiki/List_of_College_GameDay_(football_TV_program)_locations,1374826426,historical_archive,1236.0
CollegeGameDayOnsite,2022-10-01,2022,NC State,Clemson,,https://en.wikipedia.org/wiki/List_of_College_GameDay_(football_TV_program)_locations,1374826426,historical_archive,1270.0
CollegeGameDayOnsite,2022-10-08,2022,TCU,Kansas,,https://en.wikipedia.org/wiki/List_of_College_GameDay_(football_TV_program)_locations,1374826426,historical_archive,1281.0
CollegeGameDayOnsite,2022-10-15,2022,Alabama,Tennessee,,https://en.wikipedia.org/wiki/List_of_College_GameDay_(football_TV_program)_locations,1374826426,historical_archive,1313.0
CollegeGameDayOnsite,2022-10-22,2022,UCLA,Oregon,,https://en.wikipedia.org/wiki/List_of_College_GameDay_(football_TV_program)_locations,1374826426,historical_archive,1331.0
CollegeGameDayOnsite,2022-10-29,2022,Southern,Jackson State,,https://en.wikipedia.org/wiki/List_of_College_GameDay_(football_TV_program)_locations,1374826426,historical_archive,
CollegeGameDayOnsite,2022-11-05,2022,Tennessee,Georgia,,https://en.wikipedia.org/wiki/List_of_College_GameDay_(football_TV_program)_locations,1374826426,historical_archive,1379.0
CollegeGameDayOnsite,2022-11-12,2022,TCU,Texas,,https://en.wikipedia.org/wiki/List_of_College_GameDay_(football_TV_program)_locations,1374826426,historical_archive,1414.0
CollegeGameDayOnsite,2022-11-19,2022,Montana,Montana State,,https://en.wikipedia.org/wiki/List_of_College_GameDay_(football_TV_program)_locations,1374826426,historical_archive,
CollegeGameDayOnsite,2022-11-26,2022,Michigan,Ohio State,,https://en.wikipedia.org/wiki/List_of_College_GameDay_(football_TV_program)_locations,1374826426,historical_archive,1461.0
CollegeGameDayOnsite,2022-12-03,2022,Kansas State,TCU,,https://en.wikipedia.org/wiki/List_of_College_GameDay_(football_TV_program)_locations,1374826426,historical_archive,1479.0
CollegeGameDayOnsite,2022-12-31,2022,Ohio State,Georgia,,https://en.wikipedia.org/wiki/List_of_College_GameDay_(football_TV_program)_locations,1374826426,historical_archive,
CollegeGameDayOnsite,2023-01-02,2022,Penn State,Utah,,https://en.wikipedia.org/wiki/List_of_College_GameDay_(football_TV_program)_locations,1374826426,historical_archive,
CollegeGameDayOnsite,2023-01-09,2022,TCU,Georgia,,https://en.wikipedia.org/wiki/List_of_College_GameDay_(football_TV_program)_locations,1374826426,historical_archive,
CollegeGameDayOnsite,2023-09-02,2023,North Carolina,South Carolina,,https://en.wikipedia.org/wiki/List_of_College_GameDay_(football_TV_program)_locations,1374826426,historical_archive,4.0
CollegeGameDayOnsite,2023-09-09,2023,Texas,Alabama,,https://en.wikipedia.org/wiki/List_of_College_GameDay_(football_TV_program)_locations,1374826426,historical_archive,784.0
CollegeGameDayOnsite,2023-09-16,2023,Colorado State,Colorado,,https://en.wikipedia.org/wiki/List_of_College_GameDay_(football_TV_program)_locations,1374826426,historical_archive,818.0
CollegeGameDayOnsite,2023-09-23,2023,Ohio State,Notre Dame,,https://en.wikipedia.org/wiki/List_of_College_GameDay_(football_TV_program)_locations,1374826426,historical_archive,844.0
CollegeGameDayOnsite,2023-09-30,2023,Notre Dame,Duke,,https://en.wikipedia.org/wiki/List_of_College_GameDay_(football_TV_program)_locations,1374826426,historical_archive,873.0
CollegeGameDayOnsite,2023-10-07,2023,Oklahoma,Texas,,https://en.wikipedia.org/wiki/List_of_College_GameDay_(football_TV_program)_locations,1374826426,historical_archive,884.0
CollegeGameDayOnsite,2023-10-14,2023,Oregon,Washington,,https://en.wikipedia.org/wiki/List_of_College_GameDay_(football_TV_program)_locations,1374826426,historical_archive,919.0
CollegeGameDayOnsite,2023-10-21,2023,Penn State,Ohio State,,https://en.wikipedia.org/wiki/List_of_College_GameDay_(football_TV_program)_locations,1374826426,historical_archive,939.0
CollegeGameDayOnsite,2023-10-28,2023,Oregon,Utah,,https://en.wikipedia.org/wiki/List_of_College_GameDay_(football_TV_program)_locations,1374826426,historical_archive,979.0
CollegeGameDayOnsite,2023-11-04,2023,LSU,Alabama,,https://en.wikipedia.org/wiki/List_of_College_GameDay_(football_TV_program)_locations,1374826426,historical_archive,1029.0
CollegeGameDayOnsite,2023-11-11,2023,Ole Miss,Georgia,,https://en.wikipedia.org/wiki/List_of_College_GameDay_(football_TV_program)_locations,1374826426,historical_archive,1056.0
CollegeGameDayOnsite,2023-11-18,2023,App State,James Madison,,https://en.wikipedia.org/wiki/List_of_College_GameDay_(football_TV_program)_locations,1374826426,historical_archive,
CollegeGameDayOnsite,2023-11-25,2023,Ohio State,Michigan,,https://en.wikipedia.org/wiki/List_of_College_GameDay_(football_TV_program)_locations,1374826426,historical_archive,820.0
CollegeGameDayOnsite,2023-12-02,2023,Georgia,Alabama,,https://en.wikipedia.org/wiki/List_of_College_GameDay_(football_TV_program)_locations,1374826426,historical_archive,1139.0
CollegeGameDayOnsite,2023-12-09,2023,Army,Navy,,https://en.wikipedia.org/wiki/List_of_College_GameDay_(football_TV_program)_locations,1374826426,historical_archive,1144.0
CollegeGameDayOnsite,2024-01-01,2023,Alabama,Michigan,,https://en.wikipedia.org/wiki/List_of_College_GameDay_(football_TV_program)_locations,1374826426,historical_archive,
CollegeGameDayOnsite,2024-01-08,2023,Washington,Michigan,,https://en.wikipedia.org/wiki/List_of_College_GameDay_(football_TV_program)_locations,1374826426,historical_archive,
CollegeGameDayOnsite,2024-08-24,2024,Florida State,Georgia Tech,,https://en.wikipedia.org/wiki/List_of_College_GameDay_(football_TV_program)_locations,1374826426,historical_archive,365.0
CollegeGameDayOnsite,2024-08-31,2024,Notre Dame,Texas A&M,,https://en.wikipedia.org/wiki/List_of_College_GameDay_(football_TV_program)_locations,1374826426,historical_archive,362.0
CollegeGameDayOnsite,2024-09-07,2024,Texas,Michigan,,https://en.wikipedia.org/wiki/List_of_College_GameDay_(football_TV_program)_locations,1374826426,historical_archive,392.0
CollegeGameDayOnsite,2024-09-14,2024,LSU,South Carolina,,https://en.wikipedia.org/wiki/List_of_College_GameDay_(football_TV_program)_locations,1374826426,historical_archive,418.0
CollegeGameDayOnsite,2024-09-21,2024,Tennessee,Oklahoma,,https://en.wikipedia.org/wiki/List_of_College_GameDay_(football_TV_program)_locations,1374826426,historical_archive,466.0
CollegeGameDayOnsite,2024-09-28,2024,Georgia,Alabama,,https://en.wikipedia.org/wiki/List_of_College_GameDay_(football_TV_program)_locations,1374826426,historical_archive,492.0
CollegeGameDayOnsite,2024-10-05,2024,Miami,California,,https://en.wikipedia.org/wiki/List_of_College_GameDay_(football_TV_program)_locations,1374826426,historical_archive,526.0
CollegeGameDayOnsite,2024-10-12,2024,Ohio State,Oregon,,https://en.wikipedia.org/wiki/List_of_College_GameDay_(football_TV_program)_locations,1374826426,historical_archive,552.0
CollegeGameDayOnsite,2024-10-19,2024,Georgia,Texas,,https://en.wikipedia.org/wiki/List_of_College_GameDay_(football_TV_program)_locations,1374826426,historical_archive,584.0
CollegeGameDayOnsite,2024-10-26,2024,Washington,Indiana,,https://en.wikipedia.org/wiki/List_of_College_GameDay_(football_TV_program)_locations,1374826426,historical_archive,595.0
CollegeGameDayOnsite,2024-11-02,2024,Ohio State,Penn State,,https://en.wikipedia.org/wiki/List_of_College_GameDay_(football_TV_program)_locations,1374826426,historical_archive,621.0
CollegeGameDayOnsite,2024-11-09,2024,Alabama,LSU,,https://en.wikipedia.org/wiki/List_of_College_GameDay_(football_TV_program)_locations,1374826426,historical_archive,662.0
CollegeGameDayOnsite,2024-11-16,2024,Tennessee,Georgia,,https://en.wikipedia.org/wiki/List_of_College_GameDay_(football_TV_program)_locations,1374826426,historical_archive,690.0
CollegeGameDayOnsite,2024-11-23,2024,Indiana,Ohio State,,https://en.wikipedia.org/wiki/List_of_College_GameDay_(football_TV_program)_locations,1374826426,historical_archive,704.0
CollegeGameDayOnsite,2024-11-30,2024,Texas,Texas A&M,,https://en.wikipedia.org/wiki/List_of_College_GameDay_(football_TV_program)_locations,1374826426,historical_archive,753.0
CollegeGameDayOnsite,2024-12-07,2024,Georgia,Texas,,https://en.wikipedia.org/wiki/List_of_College_GameDay_(football_TV_program)_locations,1374826426,historical_archive,761.0
CollegeGameDayOnsite,2024-12-20,2024,Indiana,Notre Dame,,https://en.wikipedia.org/wiki/List_of_College_GameDay_(football_TV_program)_locations,1374826426,historical_archive,
CollegeGameDayOnsite,2024-12-21,2024,Tennessee,Ohio State,,https://en.wikipedia.org/wiki/List_of_College_GameDay_(football_TV_program)_locations,1374826426,historical_archive,
CollegeGameDayOnsite,2025-01-01,2024,Ohio State,Oregon,,https://en.wikipedia.org/wiki/List_of_College_GameDay_(football_TV_program)_locations,1374826426,historical_archive,
CollegeGameDayOnsite,2025-01-09,2024,Notre Dame,Penn State,,https://en.wikipedia.org/wiki/List_of_College_GameDay_(football_TV_program)_locations,1374826426,historical_archive,
CollegeGameDayOnsite,2025-01-10,2024,Ohio State,Texas,,https://en.wikipedia.org/wiki/List_of_College_GameDay_(football_TV_program)_locations,1374826426,historical_archive,
CollegeGameDayOnsite,2025-01-20,2024,Ohio State,Notre Dame,,https://en.wikipedia.org/wiki/List_of_College_GameDay_(football_TV_program)_locations,1374826426,historical_archive,
CollegeGameDayOnsite,2025-08-30,2025,Texas,Ohio State,,https://en.wikipedia.org/wiki/List_of_College_GameDay_(football_TV_program)_locations,1374826426,historical_archive,1818.0
CollegeGameDayOnsite,2025-09-06,2025,Michigan,Oklahoma,,https://en.wikipedia.org/wiki/List_of_College_GameDay_(football_TV_program)_locations,1374826426,historical_archive,1845.0
CollegeGameDayOnsite,2025-09-13,2025,Georgia,Tennessee,,https://en.wikipedia.org/wiki/List_of_College_GameDay_(football_TV_program)_locations,1374826426,historical_archive,1856.0
CollegeGameDayOnsite,2025-09-20,2025,Florida,Miami,,https://en.wikipedia.org/wiki/List_of_College_GameDay_(football_TV_program)_locations,1374826426,historical_archive,1883.0
CollegeGameDayOnsite,2025-09-27,2025,Oregon,Penn State,,https://en.wikipedia.org/wiki/List_of_College_GameDay_(football_TV_program)_locations,1374826426,historical_archive,1904.0
CollegeGameDayOnsite,2025-10-04,2025,Vanderbilt,Alabama,,https://en.wikipedia.org/wiki/List_of_College_GameDay_(football_TV_program)_locations,1374826426,historical_archive,1916.0
CollegeGameDayOnsite,2025-10-11,2025,Indiana,Oregon,,https://en.wikipedia.org/wiki/List_of_College_GameDay_(football_TV_program)_locations,1374826426,historical_archive,1942.0
CollegeGameDayOnsite,2025-10-18,2025,Ole Miss,Georgia,,https://en.wikipedia.org/wiki/List_of_College_GameDay_(football_TV_program)_locations,1374826426,historical_archive,1965.0
CollegeGameDayOnsite,2025-10-25,2025,Missouri,Vanderbilt,,https://en.wikipedia.org/wiki/List_of_College_GameDay_(football_TV_program)_locations,1374826426,historical_archive,1993.0
CollegeGameDayOnsite,2025-11-01,2025,Cincinnati,Utah,,https://en.wikipedia.org/wiki/List_of_College_GameDay_(football_TV_program)_locations,1374826426,historical_archive,2031.0
CollegeGameDayOnsite,2025-11-08,2025,BYU,Texas Tech,,https://en.wikipedia.org/wiki/List_of_College_GameDay_(football_TV_program)_locations,1374826426,historical_archive,2044.0
CollegeGameDayOnsite,2025-11-15,2025,Notre Dame,Pittsburgh,,https://en.wikipedia.org/wiki/List_of_College_GameDay_(football_TV_program)_locations,1374826426,historical_archive,2071.0
CollegeGameDayOnsite,2025-11-22,2025,USC,Oregon,,https://en.wikipedia.org/wiki/List_of_College_GameDay_(football_TV_program)_locations,1374826426,historical_archive,2097.0
CollegeGameDayOnsite,2025-11-29,2025,Ohio State,Michigan,,https://en.wikipedia.org/wiki/List_of_College_GameDay_(football_TV_program)_locations,1374826426,historical_archive,2157.0
CollegeGameDayOnsite,2025-12-06,2025,Georgia,Alabama,,https://en.wikipedia.org/wiki/List_of_College_GameDay_(football_TV_program)_locations,1374826426,historical_archive,2160.0
CollegeGameDayOnsite,2025-12-19,2025,Alabama,Oklahoma,,https://en.wikipedia.org/wiki/List_of_College_GameDay_(football_TV_program)_locations,1374826426,historical_archive,
CollegeGameDayOnsite,2025-12-20,2025,Miami,Texas A&M,,https://en.wikipedia.org/wiki/List_of_College_GameDay_(football_TV_program)_locations,1374826426,historical_archive,
CollegeGameDayOnsite,2026-01-01,2025,Alabama,Indiana,,https://en.wikipedia.org/wiki/List_of_College_GameDay_(football_TV_program)_locations,1374826426,historical_archive,
CollegeGameDayOnsite,2026-01-08,2025,Miami,Ole Miss,,https://en.wikipedia.org/wiki/List_of_College_GameDay_(football_TV_program)_locations,1374826426,historical_archive,
CollegeGameDayOnsite,2026-01-09,2025,Oregon,Indiana,,https://en.wikipedia.org/wiki/List_of_College_GameDay_(football_TV_program)_locations,1374826426,historical_archive,
CollegeGameDayOnsite,2026-01-19,2025,Miami,Indiana,,https://en.wikipedia.org/wiki/List_of_College_GameDay_(football_TV_program)_locations,1374826426,historical_archive,
BigNoonKickoffOnsite,2019-09-20,2019,Utah,USC,,https://en.wikipedia.org/wiki/Big_Noon_Kickoff,1374561287,historical_archive,56.0
BigNoonKickoffOnsite,2019-10-12,2019,Oklahoma,Texas,,https://en.wikipedia.org/wiki/Big_Noon_Kickoff,1374561287,historical_archive,88.0
BigNoonKickoffOnsite,2019-10-26,2019,Wisconsin,Ohio State,,https://en.wikipedia.org/wiki/Big_Noon_Kickoff,1374561287,historical_archive,1043841.0
BigNoonKickoffOnsite,2019-11-23,2019,Penn State,Ohio State,,https://en.wikipedia.org/wiki/Big_Noon_Kickoff,1374561287,historical_archive,1043876.0
BigNoonKickoffOnsite,2019-11-30,2019,Ohio State,Michigan,,https://en.wikipedia.org/wiki/Big_Noon_Kickoff,1374561287,historical_archive,1043883.0
BigNoonKickoffOnsite,2019-12-07,2019,Ohio State,Wisconsin,,https://en.wikipedia.org/wiki/Big_Noon_Kickoff,1374561287,historical_archive,
BigNoonKickoffOnsite,2021-09-02,2021,Ohio State,Minnesota,,https://en.wikipedia.org/wiki/Big_Noon_Kickoff,1374561287,historical_archive,1493.0
BigNoonKickoffOnsite,2021-09-04,2021,Penn State,Wisconsin,,https://en.wikipedia.org/wiki/Big_Noon_Kickoff,1374561287,historical_archive,1500.0
BigNoonKickoffOnsite,2021-09-11,2021,Oregon,Ohio State,,https://en.wikipedia.org/wiki/Big_Noon_Kickoff,1374561287,historical_archive,1519.0
BigNoonKickoffOnsite,2021-09-18,2021,Nebraska,Oklahoma,,https://en.wikipedia.org/wiki/Big_Noon_Kickoff,1374561287,historical_archive,1545.0
BigNoonKickoffOnsite,2021-09-25,2021,Wisconsin,Notre Dame,,https://en.wikipedia.org/wiki/Big_Noon_Kickoff,1374561287,historical_archive,1567.0
BigNoonKickoffOnsite,2021-10-02,2021,Michigan,Wisconsin,,https://en.wikipedia.org/wiki/Big_Noon_Kickoff,1374561287,historical_archive,1587.0
BigNoonKickoffOnsite,2021-10-09,2021,Penn State,Iowa,,https://en.wikipedia.org/wiki/Big_Noon_Kickoff,1374561287,historical_archive,1618.0
BigNoonKickoffOnsite,2021-10-30,2021,Michigan,Michigan State,,https://en.wikipedia.org/wiki/Big_Noon_Kickoff,1374561287,historical_archive,1672.0
BigNoonKickoffOnsite,2021-11-13,2021,Oklahoma,Baylor,,https://en.wikipedia.org/wiki/Big_Noon_Kickoff,1374561287,historical_archive,1729.0
BigNoonKickoffOnsite,2021-11-20,2021,Iowa State,Oklahoma,,https://en.wikipedia.org/wiki/Big_Noon_Kickoff,1374561287,historical_archive,1752.0
BigNoonKickoffOnsite,2021-11-27,2021,Ohio State,Michigan,,https://en.wikipedia.org/wiki/Big_Noon_Kickoff,1374561287,historical_archive,1786.0
BigNoonKickoffOnsite,2021-12-04,2021,Michigan,Iowa,,https://en.wikipedia.org/wiki/Big_Noon_Kickoff,1374561287,historical_archive,1809.0
BigNoonKickoffOnsite,2022-09-01,2022,Penn State,Purdue,,https://en.wikipedia.org/wiki/Big_Noon_Kickoff,1374561287,historical_archive,1152.0
BigNoonKickoffOnsite,2022-09-10,2022,Alabama,Texas,,https://en.wikipedia.org/wiki/Big_Noon_Kickoff,1374561287,historical_archive,1181.0
BigNoonKickoffOnsite,2022-09-17,2022,Oklahoma,Nebraska,,https://en.wikipedia.org/wiki/Big_Noon_Kickoff,1374561287,historical_archive,1198.0
BigNoonKickoffOnsite,2022-09-24,2022,Maryland,Michigan,,https://en.wikipedia.org/wiki/Big_Noon_Kickoff,1374561287,historical_archive,1234.0
BigNoonKickoffOnsite,2022-10-01,2022,Michigan,Iowa,,https://en.wikipedia.org/wiki/Big_Noon_Kickoff,1374561287,historical_archive,1259.0
BigNoonKickoffOnsite,2022-10-08,2022,Michigan,Indiana,,https://en.wikipedia.org/wiki/Big_Noon_Kickoff,1374561287,historical_archive,1279.0
BigNoonKickoffOnsite,2022-10-15,2022,Penn State,Michigan,,https://en.wikipedia.org/wiki/Big_Noon_Kickoff,1374561287,historical_archive,1309.0
BigNoonKickoffOnsite,2022-10-22,2022,Iowa,Ohio State,,https://en.wikipedia.org/wiki/Big_Noon_Kickoff,1374561287,historical_archive,1325.0
BigNoonKickoffOnsite,2022-10-29,2022,Ohio State,Penn State,,https://en.wikipedia.org/wiki/Big_Noon_Kickoff,1374561287,historical_archive,1345.0
BigNoonKickoffOnsite,2022-11-05,2022,Texas Tech,TCU,,https://en.wikipedia.org/wiki/Big_Noon_Kickoff,1374561287,historical_archive,1370.0
BigNoonKickoffOnsite,2022-11-12,2022,Indiana,Ohio State,,https://en.wikipedia.org/wiki/Big_Noon_Kickoff,1374561287,historical_archive,1396.0
BigNoonKickoffOnsite,2022-11-19,2022,TCU,Baylor,,https://en.wikipedia.org/wiki/Big_Noon_Kickoff,1374561287,historical_archive,1428.0
BigNoonKickoffOnsite,2022-11-26,2022,Michigan,Ohio State,,https://en.wikipedia.org/wiki/Big_Noon_Kickoff,1374561287,historical_archive,1461.0
BigNoonKickoffOnsite,2022-12-02,2022,Utah,USC,,https://en.wikipedia.org/wiki/Big_Noon_Kickoff,1374561287,historical_archive,1478.0
BigNoonKickoffOnsite,2022-12-03,2022,Purdue,Michigan,,https://en.wikipedia.org/wiki/Big_Noon_Kickoff,1374561287,historical_archive,1486.0
BigNoonKickoffOnsite,2023-08-31,2023,Nebraska,Minnesota,,https://en.wikipedia.org/wiki/Big_Noon_Kickoff,1374561287,historical_archive,3.0
BigNoonKickoffOnsite,2023-09-02,2023,Colorado,TCU,,https://en.wikipedia.org/wiki/Big_Noon_Kickoff,1374561287,historical_archive,1.0
BigNoonKickoffOnsite,2023-09-09,2023,Nebraska,Colorado,,https://en.wikipedia.org/wiki/Big_Noon_Kickoff,1374561287,historical_archive,771.0
BigNoonKickoffOnsite,2023-09-16,2023,Colorado State,Colorado,,https://en.wikipedia.org/wiki/Big_Noon_Kickoff,1374561287,historical_archive,818.0
BigNoonKickoffOnsite,2023-09-23,2023,Oklahoma,Cincinnati,,https://en.wikipedia.org/wiki/Big_Noon_Kickoff,1374561287,historical_archive,831.0
BigNoonKickoffOnsite,2023-09-30,2023,USC,Colorado,,https://en.wikipedia.org/wiki/Big_Noon_Kickoff,1374561287,historical_archive,860.0
BigNoonKickoffOnsite,2023-10-07,2023,Maryland,Ohio State,,https://en.wikipedia.org/wiki/Big_Noon_Kickoff,1374561287,historical_archive,882.0
BigNoonKickoffOnsite,2023-10-14,2023,USC,Notre Dame,,https://en.wikipedia.org/wiki/Big_Noon_Kickoff,1374561287,historical_archive,927.0
BigNoonKickoffOnsite,2023-10-21,2023,Penn State,Ohio State,,https://en.wikipedia.org/wiki/Big_Noon_Kickoff,1374561287,historical_archive,939.0
BigNoonKickoffOnsite,2023-10-28,2023,Oklahoma,Kansas,,https://en.wikipedia.org/wiki/Big_Noon_Kickoff,1374561287,historical_archive,971.0
BigNoonKickoffOnsite,2023-11-04,2023,Kansas State,Texas,,https://en.wikipedia.org/wiki/Big_Noon_Kickoff,1374561287,historical_archive,1005.0
BigNoonKickoffOnsite,2023-11-11,2023,Michigan,Penn State,,https://en.wikipedia.org/wiki/Big_Noon_Kickoff,1374561287,historical_archive,1043.0
BigNoonKickoffOnsite,2023-11-18,2023,Michigan,Maryland,,https://en.wikipedia.org/wiki/Big_Noon_Kickoff,1374561287,historical_archive,1073.0
BigNoonKickoffOnsite,2023-11-25,2023,Ohio State,Michigan,,https://en.wikipedia.org/wiki/Big_Noon_Kickoff,1374561287,historical_archive,820.0
BigNoonKickoffOnsite,2023-12-02,2023,Michigan,Iowa,,https://en.wikipedia.org/wiki/Big_Noon_Kickoff,1374561287,historical_archive,1142.0
BigNoonKickoffOnsite,2024-08-31,2024,Penn State,West Virginia,,https://en.wikipedia.org/wiki/Big_Noon_Kickoff,1374561287,historical_archive,367.0
BigNoonKickoffOnsite,2024-09-07,2024,Texas,Michigan,,https://en.wikipedia.org/wiki/Big_Noon_Kickoff,1374561287,historical_archive,392.0
BigNoonKickoffOnsite,2024-09-14,2024,Alabama,Wisconsin,,https://en.wikipedia.org/wiki/Big_Noon_Kickoff,1374561287,historical_archive,423.0
BigNoonKickoffOnsite,2024-09-21,2024,Marshall,Ohio State,,https://en.wikipedia.org/wiki/Big_Noon_Kickoff,1374561287,historical_archive,446.0
BigNoonKickoffOnsite,2024-09-28,2024,Colorado,UCF,,https://en.wikipedia.org/wiki/Big_Noon_Kickoff,1374561287,historical_archive,483.0
BigNoonKickoffOnsite,2024-10-05,2024,UCLA,Penn State,,https://en.wikipedia.org/wiki/Big_Noon_Kickoff,1374561287,historical_archive,508.0
BigNoonKickoffOnsite,2024-10-12,2024,Arizona,BYU,,https://en.wikipedia.org/wiki/Big_Noon_Kickoff,1374561287,historical_archive,547.0
BigNoonKickoffOnsite,2024-10-19,2024,Nebraska,Indiana,,https://en.wikipedia.org/wiki/Big_Noon_Kickoff,1374561287,historical_archive,566.0
BigNoonKickoffOnsite,2024-10-26,2024,Nebraska,Ohio State,,https://en.wikipedia.org/wiki/Big_Noon_Kickoff,1374561287,historical_archive,597.0
BigNoonKickoffOnsite,2024-11-02,2024,Ohio State,Penn State,,https://en.wikipedia.org/wiki/Big_Noon_Kickoff,1374561287,historical_archive,621.0
BigNoonKickoffOnsite,2024-11-09,2024,Colorado,Texas Tech,,https://en.wikipedia.org/wiki/Big_Noon_Kickoff,1374561287,historical_archive,657.0
BigNoonKickoffOnsite,2024-11-16,2024,Utah,Colorado,,https://en.wikipedia.org/wiki/Big_Noon_Kickoff,1374561287,historical_archive,678.0
BigNoonKickoffOnsite,2024-11-23,2024,Indiana,Ohio State,,https://en.wikipedia.org/wiki/Big_Noon_Kickoff,1374561287,historical_archive,704.0
BigNoonKickoffOnsite,2024-11-30,2024,Michigan,Ohio State,,https://en.wikipedia.org/wiki/Big_Noon_Kickoff,1374561287,historical_archive,737.0
BigNoonKickoffOnsite,2024-12-06,2024,UNLV,Boise State,,https://en.wikipedia.org/wiki/Big_Noon_Kickoff,1374561287,historical_archive,758.0
BigNoonKickoffOnsite,2025-08-30,2025,Texas,Ohio State,,https://en.wikipedia.org/wiki/Big_Noon_Kickoff,1374561287,historical_archive,1818.0
BigNoonKickoffOnsite,2025-09-06,2025,Iowa,Iowa State,,https://en.wikipedia.org/wiki/Big_Noon_Kickoff,1374561287,historical_archive,1836.0
BigNoonKickoffOnsite,2025-09-13,2025,Oregon,Northwestern,,https://en.wikipedia.org/wiki/Big_Noon_Kickoff,1374561287,historical_archive,
BigNoonKickoffOnsite,2025-09-20,2025,Texas Tech,Utah,,https://en.wikipedia.org/wiki/Big_Noon_Kickoff,1374561287,historical_archive,1875.0
BigNoonKickoffOnsite,2025-09-27,2025,USC,Illinois,,https://en.wikipedia.org/wiki/Big_Noon_Kickoff,1374561287,historical_archive,1891.0
BigNoonKickoffOnsite,2025-10-04,2025,Wisconsin,Michigan,,https://en.wikipedia.org/wiki/Big_Noon_Kickoff,1374561287,historical_archive,1914.0
BigNoonKickoffOnsite,2025-10-11,2025,Ohio State,Illinois,,https://en.wikipedia.org/wiki/Big_Noon_Kickoff,1374561287,historical_archive,1939.0
BigNoonKickoffOnsite,2025-10-18,2025,Utah,BYU,,https://en.wikipedia.org/wiki/Big_Noon_Kickoff,1374561287,historical_archive,1975.0
BigNoonKickoffOnsite,2025-10-25,2025,UCLA,Indiana,,https://en.wikipedia.org/wiki/Big_Noon_Kickoff,1374561287,historical_archive,1986.0
BigNoonKickoffOnsite,2025-11-01,2025,Penn State,Ohio State,,https://en.wikipedia.org/wiki/Big_Noon_Kickoff,1374561287,historical_archive,2010.0
BigNoonKickoffOnsite,2025-11-08,2025,Oregon,Iowa,,https://en.wikipedia.org/wiki/Big_Noon_Kickoff,1374561287,historical_archive,2048.0
BigNoonKickoffOnsite,2025-11-15,2025,Michigan,Northwestern,,https://en.wikipedia.org/wiki/Big_Noon_Kickoff,1374561287,historical_archive,2075.0
BigNoonKickoffOnsite,2025-11-22,2025,BYU,Cincinnati,,https://en.wikipedia.org/wiki/Big_Noon_Kickoff,1374561287,historical_archive,2116.0
BigNoonKickoffOnsite,2025-11-29,2025,Ohio State,Michigan,,https://en.wikipedia.org/wiki/Big_Noon_Kickoff,1374561287,historical_archive,2157.0
BigNoonKickoffOnsite,2025-12-06,2025,Indiana,Ohio State,,https://en.wikipedia.org/wiki/Big_Noon_Kickoff,1374561287,historical_archive,2159.0
