source_index,Team 1,Team 2,Station,actual,pred,variant
2000000,Richmond,North Carolina St.,ESPNU,,181.10777997851045,current
2000001,Rutgers,Boston College,ESPN2,,1014.6918721453923,current
2000002,Missouri,Kansas,FOX,,2592.421303651486,current
2000003,Howard,Indiana,BTN,,380.57228401858754,current
2000004,Old Dominion,Virginia Tech,CW,,405.69980671919166,current
2000005,Appalachian St.,East Carolina,ESPNU,,113.54388794371859,current
2000006,Arizona St.,Texas A&M,ABC,,2814.9939194444187,current
2000007,Oregon,Oklahoma St.,ESPN,,2096.972492758264,current
2000008,Wake Forest,Purdue,FS1,,346.77366462497736,current
2000009,Oklahoma,Michigan,FOX,,5298.506780961041,current
2000010,Penn St.,Temple,ESPN2,,609.5397652362512,current
2000011,UTSA,Texas St.,CW,,199.6533036745986,current
2000012,Rice,Notre Dame,NBC,,1478.5727220505632,current
2000013,Utah St.,Washington,BTN,,598.0699318878776,current
2000014,Eastern Michigan,Michigan St.,BTN,,463.5141697873655,current
2000015,Duke,Illinois,FS1,,500.15118717154724,current
2000016,Alabama,Kentucky,ABC,,5664.555151503671,current
2000017,Arizona,BYU,FOX,,1786.8924026845884,current
2000018,UCF,Pittsburgh,ESPN2,,559.7779988279324,current
2000019,Mississippi St.,Minnesota,CBS,,1596.4855601042548,current
2000020,UNLV,North Texas,ESPNU,,65.08128728384065,current
2000021,Bowling Green,Nebraska,FS1,,457.5211387471897,current
2000022,Tennessee,Georgia Tech,ESPN,,1700.890510606694,current
2000023,San Diego St.,UCLA,BTN,,305.66364636041544,current
2000024,Western Illinois,Wisconsin,BTN,,306.80569618207664,current
2000025,Ohio St.,Texas,ABC,,11901.746775121888,current
2000026,Navy,FAU,ESPNU,,52.95520443435349,current
2000027,Iowa St.,Iowa,NBC,,1848.731542341568,current
2000028,Texas Tech,Oregon St.,CBS,,1260.4103010182957,current
2000029,Charlotte,Mississippi,ESPN2,,345.55361715507354,current
2000030,North Dakota State,Air Force,FS1,,177.75030733714374,current
2000031,Arkansas,Utah,ESPN,,1648.4565557816852,current
2000032,Montana State,Nevada,CW,,278.1572187235457,current
2000033,Louisiana,USC,BTN,,542.1759237213854,current
2000000,Richmond,North Carolina St.,ESPNU,,182.04919005899288,gameday
2000001,Rutgers,Boston College,ESPN2,,1013.8594693598886,gameday
2000002,Missouri,Kansas,FOX,,2592.318389979029,gameday
2000003,Howard,Indiana,BTN,,376.9452443352632,gameday
2000004,Old Dominion,Virginia Tech,CW,,407.6687568249344,gameday
2000005,Appalachian St.,East Carolina,ESPNU,,113.81605829199131,gameday
2000006,Arizona St.,Texas A&M,ABC,,2818.378989946368,gameday
2000007,Oregon,Oklahoma St.,ESPN,,2092.966176621517,gameday
2000008,Wake Forest,Purdue,FS1,,346.89504482306455,gameday
2000009,Oklahoma,Michigan,FOX,,5268.263920898253,gameday
2000010,Penn St.,Temple,ESPN2,,614.6130124730407,gameday
2000011,UTSA,Texas St.,CW,,200.0369115327936,gameday
2000012,Rice,Notre Dame,NBC,,1492.93393190859,gameday
2000013,Utah St.,Washington,BTN,,599.8753926058512,gameday
2000014,Eastern Michigan,Michigan St.,BTN,,464.5241307112485,gameday
2000015,Duke,Illinois,FS1,,501.901896112882,gameday
2000016,Alabama,Kentucky,ABC,,5740.192225031242,gameday
2000017,Arizona,BYU,FOX,,1819.7204393215584,gameday
2000018,UCF,Pittsburgh,ESPN2,,558.4792846975857,gameday
2000019,Mississippi St.,Minnesota,CBS,,1588.1886371805028,gameday
2000020,UNLV,North Texas,ESPNU,,65.1445332589181,gameday
2000021,Bowling Green,Nebraska,FS1,,458.3502583900105,gameday
2000022,Tennessee,Georgia Tech,ESPN,,1695.332935125904,gameday
2000023,San Diego St.,UCLA,BTN,,305.7085539613462,gameday
2000024,Western Illinois,Wisconsin,BTN,,308.3492360029744,gameday
2000025,Ohio St.,Texas,ABC,,12396.858789511809,gameday
2000026,Navy,FAU,ESPNU,,53.31537818377002,gameday
2000027,Iowa St.,Iowa,NBC,,1781.3089087495634,gameday
2000028,Texas Tech,Oregon St.,CBS,,1274.763913959955,gameday
2000029,Charlotte,Mississippi,ESPN2,,344.39678125783996,gameday
2000030,North Dakota State,Air Force,FS1,,178.16408957557343,gameday
2000031,Arkansas,Utah,ESPN,,1625.5630206546202,gameday
2000032,Montana State,Nevada,CW,,277.0973949319563,gameday
2000033,Louisiana,USC,BTN,,542.692804780429,gameday
2000000,Richmond,North Carolina St.,ESPNU,,180.2712950422757,bignoon
2000001,Rutgers,Boston College,ESPN2,,1013.1341444275756,bignoon
2000002,Missouri,Kansas,FOX,,2561.1601167023687,bignoon
2000003,Howard,Indiana,BTN,,377.0735546746971,bignoon
2000004,Old Dominion,Virginia Tech,CW,,403.9413757962195,bignoon
2000005,Appalachian St.,East Carolina,ESPNU,,112.97858150820753,bignoon
2000006,Arizona St.,Texas A&M,ABC,,2820.697560196598,bignoon
2000007,Oregon,Oklahoma St.,ESPN,,2092.3893962331936,bignoon
2000008,Wake Forest,Purdue,FS1,,344.33478563137396,bignoon
2000009,Oklahoma,Michigan,FOX,,5657.787524055848,bignoon
2000010,Penn St.,Temple,ESPN2,,603.7709697160224,bignoon
2000011,UTSA,Texas St.,CW,,199.20698143438068,bignoon
2000012,Rice,Notre Dame,NBC,,1481.0925626071796,bignoon
2000013,Utah St.,Washington,BTN,,601.1659852998939,bignoon
2000014,Eastern Michigan,Michigan St.,BTN,,466.97158306820074,bignoon
2000015,Duke,Illinois,FS1,,500.1362699881176,bignoon
2000016,Alabama,Kentucky,ABC,,5661.595736323874,bignoon
2000017,Arizona,BYU,FOX,,1765.1701539586563,bignoon
2000018,UCF,Pittsburgh,ESPN2,,558.5475970288164,bignoon
2000019,Mississippi St.,Minnesota,CBS,,1593.9096206711085,bignoon
2000020,UNLV,North Texas,ESPNU,,64.83904185948603,bignoon
2000021,Bowling Green,Nebraska,FS1,,457.4575979706012,bignoon
2000022,Tennessee,Georgia Tech,ESPN,,1719.1496163621184,bignoon
2000023,San Diego St.,UCLA,BTN,,306.8938016711502,bignoon
2000024,Western Illinois,Wisconsin,BTN,,307.1186171776378,bignoon
2000025,Ohio St.,Texas,ABC,,11607.99862655216,bignoon
2000026,Navy,FAU,ESPNU,,53.32036135199278,bignoon
2000027,Iowa St.,Iowa,NBC,,1832.1697854719246,bignoon
2000028,Texas Tech,Oregon St.,CBS,,1294.586743395064,bignoon
2000029,Charlotte,Mississippi,ESPN2,,344.84238073220945,bignoon
2000030,North Dakota State,Air Force,FS1,,177.75865477891688,bignoon
2000031,Arkansas,Utah,ESPN,,1625.8416191266572,bignoon
2000032,Montana State,Nevada,CW,,276.85197192021405,bignoon
2000033,Louisiana,USC,BTN,,541.1891012242035,bignoon
2000000,Richmond,North Carolina St.,ESPNU,,181.20864973888774,both
2000001,Rutgers,Boston College,ESPN2,,1012.2960802508703,both
2000002,Missouri,Kansas,FOX,,2589.615464934461,both
2000003,Howard,Indiana,BTN,,373.45699212678045,both
2000004,Old Dominion,Virginia Tech,CW,,405.8995149386002,both
2000005,Appalachian St.,East Carolina,ESPNU,,113.24762430130066,both
2000006,Arizona St.,Texas A&M,ABC,,2817.2441560970633,both
2000007,Oregon,Oklahoma St.,ESPN,,2103.704689227977,both
2000008,Wake Forest,Purdue,FS1,,344.4430804567993,both
2000009,Oklahoma,Michigan,FOX,,5609.8280351456815,both
2000010,Penn St.,Temple,ESPN2,,608.787466097704,both
2000011,UTSA,Texas St.,CW,,199.58967719798585,both
2000012,Rice,Notre Dame,NBC,,1500.0823668248481,both
2000013,Utah St.,Washington,BTN,,603.0086533212752,both
2000014,Eastern Michigan,Michigan St.,BTN,,468.01521568943826,both
2000015,Duke,Illinois,FS1,,501.8960065541607,both
2000016,Alabama,Kentucky,ABC,,5714.934135062969,both
2000017,Arizona,BYU,FOX,,1795.496946874693,both
2000018,UCF,Pittsburgh,ESPN2,,557.2432275937496,both
2000019,Mississippi St.,Minnesota,CBS,,1592.2818185688366,both
2000020,UNLV,North Texas,ESPNU,,64.90133715773658,both
2000021,Bowling Green,Nebraska,FS1,,458.2923259589129,both
2000022,Tennessee,Georgia Tech,ESPN,,1691.9505586864198,both
2000023,San Diego St.,UCLA,BTN,,306.94696322494246,both
2000024,Western Illinois,Wisconsin,BTN,,308.6731577694252,both
2000025,Ohio St.,Texas,ABC,,12171.72598998098,both
2000026,Navy,FAU,ESPNU,,53.68689093274991,both
2000027,Iowa St.,Iowa,NBC,,1767.3049086055898,both
2000028,Texas Tech,Oregon St.,CBS,,1292.2930201844924,both
2000029,Charlotte,Mississippi,ESPN2,,343.6804659935874,both
2000030,North Dakota State,Air Force,FS1,,178.17514107556306,both
2000031,Arkansas,Utah,ESPN,,1618.1291340558894,both
2000032,Montana State,Nevada,CW,,275.7874786403702,both
2000033,Louisiana,USC,BTN,,541.701954604382,both
