scope,variant,year,n,mae_000s,mape_pct,median_ape_pct,within20_pct,within30_pct,over50_pct,bias_000s
all,current,2021,325,544.8022527907674,34.05583611182327,22.41408342495768,43.38461538461538,62.46153846153846,18.461538461538463,20.76528770927043
all,current,2022,343,462.1802234327239,27.99828794589914,21.436519752475736,47.23032069970846,65.59766763848397,13.119533527696792,-118.23508564981266
all,current,2023,393,483.7924586899066,47.91311749134587,23.937543515264068,39.94910941475827,60.81424936386769,22.391857506361323,-183.80412666758917
all,current,2024,405,412.17413350600793,40.172742797371605,23.27739446014884,42.96296296296296,59.75308641975309,22.962962962962962,-19.223446879643983
all,current,2025,355,508.14821577275757,31.33330365614821,22.53703741114249,45.07042253521127,65.91549295774648,14.647887323943662,-229.68087168806437
all,interest_level,2021,325,501.6538603036215,29.81963355837281,23.354422502255957,43.38461538461538,65.53846153846153,15.384615384615385,-150.27540659422758
all,interest_level,2022,343,456.7251006782351,27.299346585081057,20.082768209545165,49.85422740524781,67.63848396501457,12.244897959183673,-130.20042861579068
all,interest_level,2023,393,473.47730456613203,47.61423433039883,23.93293134690868,41.73027989821883,61.57760814249363,21.882951653944023,-170.37103353254517
all,interest_level,2024,405,408.1369589726557,39.636299252113815,22.8432407779073,44.19753086419753,59.75308641975309,21.728395061728396,-27.289892965998863
all,interest_level,2025,355,498.8783511513856,31.275179069330736,21.41905874258605,46.19718309859155,65.07042253521126,15.492957746478872,-215.87926711889466
all,interest_level_momentum,2021,325,501.72826255204944,29.681563909143236,22.60748117940964,42.769230769230774,65.84615384615384,16.0,-154.53757998077785
all,interest_level_momentum,2022,343,454.2045129941917,27.50299177027406,19.53637474247102,51.60349854227405,66.1807580174927,12.82798833819242,-107.27562653120307
all,interest_level_momentum,2023,393,472.1874868579109,47.33038222168316,23.785006818469697,42.74809160305343,59.541984732824424,22.137404580152673,-165.46694836733232
all,interest_level_momentum,2024,405,403.9537313183226,39.17700256718688,23.205261477665488,44.69135802469136,60.24691358024692,20.74074074074074,-25.727565552783766
all,interest_level_momentum,2025,355,501.4676794417086,31.25587965148974,22.595070765324305,44.7887323943662,64.50704225352113,15.774647887323944,-217.61541986519316
all,interest_momentum,2021,325,549.7699345630951,34.602741453165955,23.566567363047263,43.69230769230769,62.46153846153846,19.384615384615383,41.63698036934607
all,interest_momentum,2022,343,457.6048120066862,27.856944876820215,20.89109748102479,48.39650145772595,67.05539358600583,12.82798833819242,-113.49375466676327
all,interest_momentum,2023,393,485.62541800936333,47.66440620675201,24.215184637231395,41.98473282442748,58.778625954198475,22.137404580152673,-181.9398188457565
all,interest_momentum,2024,405,409.0884494489496,39.42287875903387,22.092737711694422,45.4320987654321,59.25925925925925,21.975308641975307,-25.473473818379034
all,interest_momentum,2025,355,514.115201807362,31.30609744364693,22.622027519432983,45.352112676056336,63.94366197183099,16.619718309859156,-240.63423496649403
all,past_selected,2021,325,501.6538603036215,29.81963355837281,23.354422502255957,43.38461538461538,65.53846153846153,15.384615384615385,-150.27540659422758
all,past_selected,2022,343,456.7251006782351,27.299346585081057,20.082768209545165,49.85422740524781,67.63848396501457,12.244897959183673,-130.20042861579068
all,past_selected,2023,393,473.47730456613203,47.61423433039883,23.93293134690868,41.73027989821883,61.57760814249363,21.882951653944023,-170.37103353254517
all,past_selected,2024,405,408.1369589726557,39.636299252113815,22.8432407779073,44.19753086419753,59.75308641975309,21.728395061728396,-27.289892965998863
all,past_selected,2025,355,498.8783511513856,31.275179069330736,21.41905874258605,46.19718309859155,65.07042253521126,15.492957746478872,-215.87926711889466
five_major,current,2021,186,823.0771155473833,28.197583137692934,20.757813314232763,47.31182795698925,67.74193548387096,16.129032258064516,12.275822424294795
five_major,current,2022,180,724.7851878292736,20.90107589603903,16.641669538090134,55.00000000000001,72.77777777777777,7.222222222222221,-174.37352800373034
five_major,current,2023,202,806.0405443516229,22.957316544679962,19.350002729863448,50.99009900990099,72.77227722772277,8.415841584158416,-376.1617902068301
five_major,current,2024,216,674.7808179186345,24.40284840336162,18.981012923753987,51.388888888888886,68.51851851851852,12.5,-49.52214768980149
five_major,current,2025,203,804.8720188163306,23.562483701531146,19.755819218115814,50.24630541871922,73.39901477832512,8.866995073891626,-376.0869807494452
five_major,interest_level,2021,186,752.3620537781727,24.88355639395994,22.860224509814255,47.31182795698925,72.04301075268818,11.29032258064516,-254.85131474735698
five_major,interest_level,2022,180,717.7990006606741,20.59217506274137,15.470704002292846,61.111111111111114,74.44444444444444,6.666666666666667,-189.13043320350653
five_major,interest_level,2023,202,787.9593136029359,22.968036129490006,19.848644383940016,51.98019801980198,73.26732673267327,7.920792079207921,-350.59727377257235
five_major,interest_level,2024,216,667.3858946864186,23.6279788412233,18.771831953821632,52.31481481481482,70.37037037037037,10.648148148148149,-64.98525443414532
five_major,interest_level,2025,203,787.0835014487036,23.195788015638332,19.23311653853274,52.70935960591133,72.41379310344827,7.8817733990147785,-354.86506609512884
five_major,interest_level_momentum,2021,186,752.557974933073,24.71858541991396,21.96597959739548,45.16129032258064,72.04301075268818,11.827956989247312,-262.30793420532734
five_major,interest_level_momentum,2022,180,713.9176200688345,20.728440956769287,15.76026895889898,62.22222222222222,72.77777777777777,6.666666666666667,-148.2542476482916
five_major,interest_level_momentum,2023,202,787.0387754366104,22.97941606171717,18.89807067726301,52.97029702970298,71.78217821782178,8.415841584158416,-342.2409443596858
five_major,interest_level_momentum,2024,216,660.0747729217487,23.390350570823195,18.503080830995835,53.24074074074075,69.9074074074074,9.25925925925926,-59.66120483211541
five_major,interest_level_momentum,2025,203,792.0992791385167,23.46643553221149,19.7796455776649,50.24630541871922,71.92118226600985,8.374384236453201,-357.44885755614536
five_major,interest_momentum,2021,186,832.3735039200077,28.926941374325057,22.910150205892585,46.236559139784944,67.74193548387096,16.666666666666664,44.55605418290222
five_major,interest_momentum,2022,180,719.0061683338795,21.025319749852414,17.016670342022927,56.666666666666664,75.55555555555556,7.222222222222221,-163.46825955764825
five_major,interest_momentum,2023,202,810.7354415951482,23.08015982078807,19.492291169711017,52.97029702970298,71.28712871287128,8.415841584158416,-373.2541669331899
five_major,interest_momentum,2024,216,670.9977375685055,23.936743326920904,17.947632819940562,54.166666666666664,68.05555555555556,11.574074074074074,-58.10314728328617
five_major,interest_momentum,2025,203,814.6773335628385,23.767978352388006,19.797486541496735,50.73891625615764,70.93596059113301,9.852216748768473,-395.3761234941224
five_major,past_selected,2021,186,752.3620537781727,24.88355639395994,22.860224509814255,47.31182795698925,72.04301075268818,11.29032258064516,-254.85131474735698
five_major,past_selected,2022,180,717.7990006606741,20.59217506274137,15.470704002292846,61.111111111111114,74.44444444444444,6.666666666666667,-189.13043320350653
five_major,past_selected,2023,202,787.9593136029359,22.968036129490006,19.848644383940016,51.98019801980198,73.26732673267327,7.920792079207921,-350.59727377257235
five_major,past_selected,2024,216,667.3858946864186,23.6279788412233,18.771831953821632,52.31481481481482,70.37037037037037,10.648148148148149,-64.98525443414532
five_major,past_selected,2025,203,787.0835014487036,23.195788015638332,19.23311653853274,52.70935960591133,72.41379310344827,7.8817733990147785,-354.86506609512884
four_broadcast,current,2021,110,1082.0311620865568,26.154365085574582,20.757813314232763,47.27272727272727,69.0909090909091,17.272727272727273,6.40721313169287
four_broadcast,current,2022,112,915.3452499107725,21.956863308581912,17.194089650438016,55.35714285714286,68.75,8.035714285714286,-170.51150038810925
four_broadcast,current,2023,132,924.9337981173084,22.280212841346845,18.94510723202398,51.515151515151516,73.48484848484848,8.333333333333332,-395.08506115408824
four_broadcast,current,2024,137,855.665222428097,23.996777661212267,18.310591531555435,54.01459854014598,71.53284671532847,11.678832116788321,-92.78833119021951
four_broadcast,current,2025,118,1005.4542159013822,20.82579506924995,18.78391047452232,53.38983050847458,77.11864406779661,3.389830508474576,-483.6516008889348
four_broadcast,interest_level,2021,110,994.5560543804529,23.886956882419412,23.072932264168415,47.27272727272727,70.9090909090909,9.090909090909092,-352.62595434512764
four_broadcast,interest_level,2022,112,905.9905232804489,21.573415483299545,15.679924528111716,59.82142857142857,71.42857142857143,6.25,-193.7333611670612
four_broadcast,interest_level,2023,132,903.3988619109399,22.06679049664641,19.455358682839,53.03030303030303,73.48484848484848,7.575757575757576,-370.22800640330587
four_broadcast,interest_level,2024,137,851.6871046741629,23.47888754246123,18.320525804453087,53.284671532846716,73.72262773722628,10.218978102189782,-112.2631488814935
four_broadcast,interest_level,2025,118,980.8208823476898,20.283486898659728,17.94063351744275,57.6271186440678,77.96610169491525,3.389830508474576,-461.6928381166246
four_broadcast,interest_level_momentum,2021,110,995.8270656222887,23.759803279684572,23.089229192539108,44.54545454545455,71.81818181818181,10.0,-361.0628698615467
four_broadcast,interest_level_momentum,2022,112,903.5858944046123,21.821476558036572,16.038704092474603,59.82142857142857,68.75,6.25,-142.02333217816084
four_broadcast,interest_level_momentum,2023,132,899.7628321890353,21.88388867173045,18.558484009423744,53.78787878787878,71.96969696969697,7.575757575757576,-357.90443931656387
four_broadcast,interest_level_momentum,2024,137,840.9097547325736,23.11771732238719,17.39747395567163,54.74452554744526,74.45255474452554,9.48905109489051,-103.0790805969016
four_broadcast,interest_level_momentum,2025,118,987.0314068974219,20.561653148802865,18.445465473765704,55.08474576271186,77.96610169491525,3.389830508474576,-459.0039487755855
four_broadcast,interest_momentum,2021,110,1099.1385909033881,27.18411087535812,20.865649311072808,49.09090909090909,69.0909090909091,18.181818181818183,61.56835717978654
four_broadcast,interest_momentum,2022,112,906.459395727321,21.99100196252176,16.91712225121112,57.14285714285714,72.32142857142857,8.035714285714286,-155.16023623802343
four_broadcast,interest_momentum,2023,132,932.3052222369402,22.146901055957805,19.34444490486083,51.515151515151516,71.96969696969697,8.333333333333332,-392.59878332322836
four_broadcast,interest_momentum,2024,137,851.9131317989247,23.559950664182708,17.586724739849277,56.934306569343065,70.8029197080292,10.948905109489052,-96.51769845935048
four_broadcast,interest_momentum,2025,118,1019.2997625335122,20.886612666191464,18.971098693237096,54.23728813559322,76.27118644067797,4.23728813559322,-508.0208583570534
four_broadcast,past_selected,2021,110,994.5560543804529,23.886956882419412,23.072932264168415,47.27272727272727,70.9090909090909,9.090909090909092,-352.62595434512764
four_broadcast,past_selected,2022,112,905.9905232804489,21.573415483299545,15.679924528111716,59.82142857142857,71.42857142857143,6.25,-193.7333611670612
four_broadcast,past_selected,2023,132,903.3988619109399,22.06679049664641,19.455358682839,53.03030303030303,73.48484848484848,7.575757575757576,-370.22800640330587
four_broadcast,past_selected,2024,137,851.6871046741629,23.47888754246123,18.320525804453087,53.284671532846716,73.72262773722628,10.218978102189782,-112.2631488814935
four_broadcast,past_selected,2025,118,980.8208823476898,20.283486898659728,17.94063351744275,57.6271186440678,77.96610169491525,3.389830508474576,-461.6928381166246
week1_major,current,2021,17,731.0362597141703,28.772534427070973,16.165908172871294,52.94117647058824,82.35294117647058,17.647058823529413,-32.6334225179412
week1_major,current,2022,14,1027.9167811703312,32.87903992800072,30.24595959445831,21.428571428571427,50.0,14.285714285714285,95.3985906930264
week1_major,current,2023,10,967.4523300374312,26.654062525588085,21.77604160727521,40.0,80.0,20.0,-508.3723703942769
week1_major,current,2024,17,488.8207443650841,16.829451190959507,15.75581304383873,64.70588235294117,76.47058823529412,0.0,-231.95147233537065
week1_major,current,2025,16,1085.6817918711818,25.07823065421895,19.53698927023568,50.0,68.75,18.75,-905.8335817792616
week1_major,interest_level,2021,17,672.986591655507,22.222425729477013,19.47472495281779,52.94117647058824,82.35294117647058,5.88235294117647,-495.25490848069484
week1_major,interest_level,2022,14,1082.9835577839262,33.625378485250536,33.86452705900577,21.428571428571427,35.714285714285715,21.428571428571427,113.66473177176815
week1_major,interest_level,2023,10,909.5878724538888,26.669258153195166,15.103534681599953,60.0,70.0,30.0,-326.9748740648391
week1_major,interest_level,2024,17,515.5555758058177,16.536661298269166,12.335635458055902,76.47058823529412,82.35294117647058,0.0,-219.63079688484035
week1_major,interest_level,2025,16,1003.889226038561,23.697764817173642,16.05227461436414,62.5,68.75,18.75,-838.9427865230298
week1_major,interest_level_momentum,2021,17,690.0431190990794,22.60814981506227,20.116928594667126,47.05882352941176,70.58823529411765,5.88235294117647,-510.79552679944584
week1_major,interest_level_momentum,2022,14,1104.219672260054,33.794781882475306,32.03054027961233,21.428571428571427,35.714285714285715,21.428571428571427,147.62237967984044
week1_major,interest_level_momentum,2023,10,860.3265747458712,24.38937749512099,14.469125668599055,60.0,70.0,30.0,-398.07401175835184
week1_major,interest_level_momentum,2024,17,514.6647880498213,16.69296442327908,14.62136823829034,82.35294117647058,82.35294117647058,0.0,-252.6985464417612
week1_major,interest_level_momentum,2025,16,1035.3792267755111,24.250378248163656,16.35599276308396,62.5,68.75,18.75,-782.1059109077122
week1_major,interest_momentum,2021,17,717.4811251433666,28.34112188175287,16.316789829380877,52.94117647058824,76.47058823529412,17.647058823529413,-34.10563348028903
week1_major,interest_momentum,2022,14,1057.744691444398,33.3858137642312,30.40732320799956,21.428571428571427,50.0,21.428571428571427,130.99243524842615
week1_major,interest_momentum,2023,10,967.7301746200592,26.95301072811813,20.017523383903125,50.0,70.0,20.0,-517.9319395079356
week1_major,interest_momentum,2024,17,523.9255952386044,17.154672323382385,12.667072582212207,64.70588235294117,82.35294117647058,0.0,-284.308445661104
week1_major,interest_momentum,2025,16,1100.2643660416766,25.432944011794312,18.524509486772622,56.25,68.75,18.75,-865.2098481469934
week1_major,past_selected,2021,17,672.986591655507,22.222425729477013,19.47472495281779,52.94117647058824,82.35294117647058,5.88235294117647,-495.25490848069484
week1_major,past_selected,2022,14,1082.9835577839262,33.625378485250536,33.86452705900577,21.428571428571427,35.714285714285715,21.428571428571427,113.66473177176815
week1_major,past_selected,2023,10,909.5878724538888,26.669258153195166,15.103534681599953,60.0,70.0,30.0,-326.9748740648391
week1_major,past_selected,2024,17,515.5555758058177,16.536661298269166,12.335635458055902,76.47058823529412,82.35294117647058,0.0,-219.63079688484035
week1_major,past_selected,2025,16,1003.889226038561,23.697764817173642,16.05227461436414,62.5,68.75,18.75,-838.9427865230298
later_major,current,2021,167,826.5838024202803,27.835572508079512,20.70313160940546,47.30538922155689,67.06586826347305,15.568862275449103,1.274485516396796
later_major,current,2022,165,700.3523307854165,19.94118272701889,15.842053000239828,57.57575757575758,74.54545454545455,6.666666666666667,-195.21485464898757
later_major,current,2023,191,796.3204940973652,22.72977177936003,19.078191345543512,51.832460732984295,72.25130890052355,7.853403141361256,-365.71992477371805
later_major,current,2024,198,683.8124899079355,24.969070137350922,19.566587689291147,50.505050505050505,68.18181818181817,13.636363636363635,-23.766554832567774
later_major,current,2025,186,784.6393985116584,23.54973416150185,19.893492984794577,50.0,73.65591397849462,8.064516129032258,-332.135143855169
later_major,interest_level,2021,167,760.0439895479799,25.15549667114836,22.868191031585027,46.706586826347305,71.25748502994011,11.976047904191617,-242.8397292749726
later_major,interest_level,2022,165,686.4494587282593,19.50446605960698,15.09855021167926,64.24242424242425,77.57575757575758,5.454545454545454,-211.25390667668086
later_major,interest_level,2023,191,779.0628680484174,22.707599077275813,19.929181437059288,51.832460732984295,73.82198952879581,6.806282722513089,-347.01573683458
later_major,interest_level,2024,198,673.4047662396127,24.14799220813296,19.680317148817018,50.505050505050505,69.6969696969697,11.616161616161616,-41.64811445762072
later_major,interest_level,2025,186,772.2471453482842,23.267963783980694,19.465141810349852,51.61290322580645,72.58064516129032,6.989247311827956,-314.71381553899846
later_major,interest_level_momentum,2021,167,758.3062828353105,24.928169320292376,22.07991896722477,44.91017964071856,72.45508982035929,12.574850299401197,-249.78235261060274
later_major,interest_level_momentum,2022,165,680.3523126210316,19.63736467913088,14.859220011479296,65.45454545454545,75.75757575757575,5.454545454545454,-169.48189862988497
later_major,interest_level_momentum,2023,191,780.9536063642157,22.847010165242967,18.943600485100113,52.879581151832454,72.25130890052355,7.329842931937172,-334.7408511408463
later_major,interest_level_momentum,2024,198,665.3804670223017,23.872836155994623,19.07014082271028,51.010101010101,69.1919191919192,10.1010101010101,-32.87589833531287
later_major,interest_level_momentum,2025,186,775.1244770052153,23.518315511536045,20.253092363346376,48.924731182795696,72.04301075268818,7.526881720430108,-322.53489352491096
later_major,interest_momentum,2021,167,838.8166031117682,28.736305901378383,22.894796782359773,46.10778443113773,67.06586826347305,16.16766467065868,37.87605967165159
later_major,interest_momentum,2022,165,691.0287680144427,20.022674410397073,16.216631631267763,59.3939393939394,77.57575757575758,6.0606060606060606,-185.84995706885434
later_major,interest_momentum,2023,191,800.8334765048405,22.831741578982037,19.378575329724658,53.403141361256544,71.72774869109948,7.853403141361256,-361.7065910043463
later_major,interest_momentum,2024,198,676.485268876548,24.428937955180523,18.05510055449163,53.535353535353536,67.17171717171718,12.626262626262626,-28.44617817558911
later_major,interest_momentum,2025,186,794.3248524008382,23.74883025428005,20.026649885800566,50.0,70.96774193548387,9.13978494623656,-357.2518376827336
later_major,past_selected,2021,167,760.0439895479799,25.15549667114836,22.868191031585027,46.706586826347305,71.25748502994011,11.976047904191617,-242.8397292749726
later_major,past_selected,2022,165,686.4494587282593,19.50446605960698,15.09855021167926,64.24242424242425,77.57575757575758,5.454545454545454,-211.25390667668086
later_major,past_selected,2023,191,779.0628680484174,22.707599077275813,19.929181437059288,51.832460732984295,73.82198952879581,6.806282722513089,-347.01573683458
later_major,past_selected,2024,198,673.4047662396127,24.14799220813296,19.680317148817018,50.505050505050505,69.6969696969697,11.616161616161616,-41.64811445762072
later_major,past_selected,2025,186,772.2471453482842,23.267963783980694,19.465141810349852,51.61290322580645,72.58064516129032,6.989247311827956,-314.71381553899846
complete_history_major,current,2021,186,823.0771155473833,28.197583137692934,20.757813314232763,47.31182795698925,67.74193548387096,16.129032258064516,12.275822424294795
complete_history_major,current,2022,180,724.7851878292736,20.90107589603903,16.641669538090134,55.00000000000001,72.77777777777777,7.222222222222221,-174.37352800373034
complete_history_major,current,2023,202,806.0405443516229,22.957316544679962,19.350002729863448,50.99009900990099,72.77227722772277,8.415841584158416,-376.1617902068301
complete_history_major,current,2024,216,674.7808179186345,24.40284840336162,18.981012923753987,51.388888888888886,68.51851851851852,12.5,-49.52214768980149
complete_history_major,current,2025,203,804.8720188163306,23.562483701531146,19.755819218115814,50.24630541871922,73.39901477832512,8.866995073891626,-376.0869807494452
complete_history_major,interest_level,2021,186,752.3620537781727,24.88355639395994,22.860224509814255,47.31182795698925,72.04301075268818,11.29032258064516,-254.85131474735698
complete_history_major,interest_level,2022,180,717.7990006606741,20.59217506274137,15.470704002292846,61.111111111111114,74.44444444444444,6.666666666666667,-189.13043320350653
complete_history_major,interest_level,2023,202,787.9593136029359,22.968036129490006,19.848644383940016,51.98019801980198,73.26732673267327,7.920792079207921,-350.59727377257235
complete_history_major,interest_level,2024,216,667.3858946864186,23.6279788412233,18.771831953821632,52.31481481481482,70.37037037037037,10.648148148148149,-64.98525443414532
complete_history_major,interest_level,2025,203,787.0835014487036,23.195788015638332,19.23311653853274,52.70935960591133,72.41379310344827,7.8817733990147785,-354.86506609512884
complete_history_major,interest_level_momentum,2021,186,752.557974933073,24.71858541991396,21.96597959739548,45.16129032258064,72.04301075268818,11.827956989247312,-262.30793420532734
complete_history_major,interest_level_momentum,2022,180,713.9176200688345,20.728440956769287,15.76026895889898,62.22222222222222,72.77777777777777,6.666666666666667,-148.2542476482916
complete_history_major,interest_level_momentum,2023,202,787.0387754366104,22.97941606171717,18.89807067726301,52.97029702970298,71.78217821782178,8.415841584158416,-342.2409443596858
complete_history_major,interest_level_momentum,2024,216,660.0747729217487,23.390350570823195,18.503080830995835,53.24074074074075,69.9074074074074,9.25925925925926,-59.66120483211541
complete_history_major,interest_level_momentum,2025,203,792.0992791385167,23.46643553221149,19.7796455776649,50.24630541871922,71.92118226600985,8.374384236453201,-357.44885755614536
complete_history_major,interest_momentum,2021,186,832.3735039200077,28.926941374325057,22.910150205892585,46.236559139784944,67.74193548387096,16.666666666666664,44.55605418290222
complete_history_major,interest_momentum,2022,180,719.0061683338795,21.025319749852414,17.016670342022927,56.666666666666664,75.55555555555556,7.222222222222221,-163.46825955764825
complete_history_major,interest_momentum,2023,202,810.7354415951482,23.08015982078807,19.492291169711017,52.97029702970298,71.28712871287128,8.415841584158416,-373.2541669331899
complete_history_major,interest_momentum,2024,216,670.9977375685055,23.936743326920904,17.947632819940562,54.166666666666664,68.05555555555556,11.574074074074074,-58.10314728328617
complete_history_major,interest_momentum,2025,203,814.6773335628385,23.767978352388006,19.797486541496735,50.73891625615764,70.93596059113301,9.852216748768473,-395.3761234941224
complete_history_major,past_selected,2021,186,752.3620537781727,24.88355639395994,22.860224509814255,47.31182795698925,72.04301075268818,11.29032258064516,-254.85131474735698
complete_history_major,past_selected,2022,180,717.7990006606741,20.59217506274137,15.470704002292846,61.111111111111114,74.44444444444444,6.666666666666667,-189.13043320350653
complete_history_major,past_selected,2023,202,787.9593136029359,22.968036129490006,19.848644383940016,51.98019801980198,73.26732673267327,7.920792079207921,-350.59727377257235
complete_history_major,past_selected,2024,216,667.3858946864186,23.6279788412233,18.771831953821632,52.31481481481482,70.37037037037037,10.648148148148149,-64.98525443414532
complete_history_major,past_selected,2025,203,787.0835014487036,23.195788015638332,19.23311653853274,52.70935960591133,72.41379310344827,7.8817733990147785,-354.86506609512884
