scope,year,variant,n,mae_000s,bias_000s,aggregate_under_pct,median_ape_pct,mape_pct,underpredicted_pct
major,2021,broad_to_marquee,186,752.3620537781726,-254.85131474735698,8.133580510401261,22.860224509814255,24.88355639395994,55.376344086021504
major,2022,broad_to_marquee,180,715.5520610491579,-98.97217841686005,2.9243976977494257,15.679924528111716,20.8779247317625,53.888888888888886
major,2023,broad_to_marquee,202,783.6251167224439,-289.74911040827857,8.631077297551082,19.848644383940016,23.073830061764948,55.44554455445545
major,2024,broad_to_marquee,216,658.674486312081,36.649023160454824,-1.1266174818876262,19.38088920932404,23.800797497092457,45.370370370370374
major,2025,broad_to_marquee,203,765.3377595167616,-258.0047742880601,6.839284767807108,18.637964173632437,22.914599429093727,62.5615763546798
major,2021,current,186,752.3620537781726,-254.85131474735698,8.133580510401261,22.860224509814255,24.88355639395994,55.376344086021504
major,2022,current,180,717.7990006606741,-189.13043320350653,5.588364450311667,15.470704002292846,20.59217506274137,55.00000000000001
major,2023,current,202,787.9593136029359,-350.59727377257235,10.443628855245956,19.848644383940016,22.96803612949001,57.42574257425742
major,2024,current,216,667.3858946864186,-64.98525443414529,1.997693728148886,18.771831953821632,23.6279788412233,49.074074074074076
major,2025,current,203,780.1793723408497,-359.76640825219795,9.536819319400491,18.69821952304687,22.97319254296547,66.00985221674877
major,2021,hybrid_mean,186,752.3620537781726,-254.85131474735698,8.133580510401261,22.860224509814255,24.88355639395994,55.376344086021504
major,2022,hybrid_mean,180,718.4569764862144,-123.85540213074441,3.6596390888702257,15.760547623089202,20.883543578103794,54.44444444444444
major,2023,hybrid_mean,202,781.1310856522582,-310.38253041226346,9.24570780570445,19.848644383940016,23.01716369928895,56.930693069306926
major,2024,hybrid_mean,216,661.2448833014838,-8.63338311391973,0.2653964418476207,19.270973560489928,23.792197928203564,47.68518518518518
major,2025,hybrid_mean,203,754.9815019099933,-262.5671556455065,6.960226038793338,17.902100767801844,22.709757110926954,62.5615763546798
major,2021,marquee_mean,186,752.3620537781726,-254.85131474735698,8.133580510401261,22.860224509814255,24.88355639395994,55.376344086021504
major,2022,marquee_mean,180,716.5332672031623,-163.85251948721876,4.841460887529947,15.470704002292846,20.66187348451923,55.00000000000001
major,2023,marquee_mean,202,784.8073359956223,-334.7164656358083,9.97056965453661,19.848644383940016,22.972679400367568,57.42574257425742
major,2024,marquee_mean,216,661.7867054830319,-43.695335748614944,1.3432262277718099,18.777736318810724,23.609974311674417,48.61111111111111
major,2025,marquee_mean,203,765.5085973517506,-297.76170750912587,7.893176070957875,18.637964173632437,22.875251234673154,64.5320197044335
major,2021,marquee_median,186,752.3620537781726,-254.85131474735698,8.133580510401261,22.860224509814255,24.88355639395994,55.376344086021504
major,2022,marquee_median,180,718.5132888602903,-203.39545509362458,6.009862671742139,15.650523373421924,20.552842326522427,55.00000000000001
major,2023,marquee_median,202,788.118730193266,-351.40047246249105,10.467554623191255,19.848644383940016,22.967801288224145,57.42574257425742
major,2024,marquee_median,216,659.3865249094924,-31.893901112632207,0.9804415905376285,18.885826843645507,23.61205610863154,48.148148148148145
major,2025,marquee_median,203,765.8291344658652,-300.24542472523797,7.959015353857069,18.637964173632437,22.87627930920102,64.5320197044335
major,2021,past_selected,186,752.3620537781726,-254.85131474735698,8.133580510401261,22.860224509814255,24.88355639395994,55.376344086021504
major,2022,past_selected,180,717.7990006606741,-189.13043320350653,5.588364450311667,15.470704002292846,20.59217506274137,55.00000000000001
major,2023,past_selected,202,783.6251167224439,-289.74911040827857,8.631077297551082,19.848644383940016,23.073830061764948,55.44554455445545
major,2024,past_selected,216,656.6624043150719,-20.23029594459506,0.6218939308465399,18.74084665149058,23.74920985382636,49.074074074074076
major,2025,past_selected,203,765.6252650781064,-262.31080477961797,6.953430596433307,18.48309621147947,22.932770226345742,62.06896551724138
major,2021,ranked_mean,186,752.3620537781726,-254.85131474735698,8.133580510401261,22.860224509814255,24.88355639395994,55.376344086021504
major,2022,ranked_mean,180,715.729923067112,-134.06609070593993,3.961341189797718,15.508451630340181,20.766703765067202,53.888888888888886
major,2023,ranked_mean,202,783.2555853123874,-309.87559970395995,9.230607299885119,19.848644383940016,23.11576096754455,56.930693069306926
major,2024,ranked_mean,216,656.6624043150719,-20.23029594459506,0.6218939308465399,18.74084665149058,23.74920985382636,49.074074074074076
major,2025,ranked_mean,203,765.6252650781064,-262.31080477961797,6.953430596433307,18.48309621147947,22.932770226345742,62.06896551724138
marquee,2021,broad_to_marquee,24,1774.557235220278,-340.73376784277804,4.58882671737173,19.884069795908218,24.51951541433401,45.83333333333333
marquee,2022,broad_to_marquee,29,1624.3821037224707,475.8059820102615,-6.409203157739607,20.590401096618354,25.460358458048365,44.827586206896555
marquee,2023,broad_to_marquee,23,1115.8261927142019,174.54304746451677,-2.1172354262348536,15.68853363498235,16.27778360505183,39.130434782608695
marquee,2024,broad_to_marquee,36,1346.7284907842345,140.40678886782035,-1.7805567138373668,11.27619500081149,20.792653024825043,41.66666666666667
marquee,2025,broad_to_marquee,42,1326.9261660974269,-113.57081218530854,1.3120689298693922,11.619180562418032,15.781469011657835,50.0
marquee,2021,current,24,1774.557235220278,-340.73376784277804,4.58882671737173,19.884069795908218,24.51951541433401,45.83333333333333
marquee,2022,current,29,1638.3286254491225,-83.79697873444071,1.128762312833298,18.930084637686495,23.686739822744773,51.724137931034484
marquee,2023,current,23,1153.89174792548,-359.8625612131931,4.365191133328117,9.79205640014442,15.348636895506704,56.52173913043478
marquee,2024,current,36,1398.99694103026,-469.3988766997804,5.952641806817027,15.267809759711447,19.755741089610076,63.888888888888886
marquee,2025,current,42,1398.660628080519,-605.4187096786418,6.994324186348622,13.704923504835747,16.064669062037957,66.66666666666666
marquee,2021,hybrid_mean,24,1774.557235220278,-340.73376784277804,4.58882671737173,19.884069795908218,24.51951541433401,45.83333333333333
marquee,2022,hybrid_mean,29,1623.4721638846918,212.9008381134051,-2.8678175044306586,19.000250400974465,24.504820373668828,51.724137931034484
marquee,2023,hybrid_mean,23,1112.3917514910315,-112.75595823809616,1.3677480298909583,11.740398688922253,15.5167571840526,52.17391304347826
marquee,2024,hybrid_mean,36,1337.3781448750462,-183.15504727985277,2.32266510570478,13.754654352644891,19.73966415664195,55.55555555555556
marquee,2025,hybrid_mean,42,1324.5360888167959,-191.98275517514736,2.2179519833407935,12.21892237069687,15.672369115927816,52.38095238095239
marquee,2021,marquee_mean,24,1774.557235220278,-340.73376784277804,4.58882671737173,19.884069795908218,24.51951541433401,45.83333333333333
marquee,2022,marquee_mean,29,1630.4723488162906,73.10041674596624,-0.9846774516387491,18.744871710800027,24.119350716538396,51.724137931034484
marquee,2023,marquee_mean,23,1126.2091619829878,-220.3876375772646,2.6733377270592773,11.372190852866282,15.389416926692194,56.52173913043478
marquee,2024,marquee_mean,36,1365.4018058099396,-341.6593645865983,4.332724082400152,14.35346628412766,19.647713912316792,61.111111111111114
marquee,2025,marquee_mean,42,1327.7518822998743,-305.7293227537931,3.5320513925773622,13.398618077573069,15.591286071958434,59.523809523809526
marquee,2021,marquee_median,24,1774.557235220278,-340.73376784277804,4.58882671737173,19.884069795908218,24.51951541433401,45.83333333333333
marquee,2022,marquee_median,29,1642.7621384122579,-172.33849391448373,2.3214344946444476,19.07086861617465,23.442605597937565,51.724137931034484
marquee,2023,marquee_median,23,1155.2918414579433,-366.91674101161016,4.450759476434274,9.872769106744945,15.346574376563025,56.52173913043478
marquee,2024,marquee_median,36,1351.0007223687028,-270.8507567707018,3.4347707636132374,14.34427038663321,19.660204694059544,58.333333333333336
marquee,2025,marquee_median,42,1329.301145018094,-317.73395596500166,3.670739370129261,13.52312130051292,15.596255098843114,59.523809523809526
marquee,2021,past_selected,24,1774.557235220278,-340.73376784277804,4.58882671737173,19.884069795908218,24.51951541433401,45.83333333333333
marquee,2022,past_selected,29,1638.3286254491225,-83.79697873444071,1.128762312833298,18.930084637686495,23.686739822744773,51.724137931034484
marquee,2023,past_selected,23,1115.8261927142019,174.54304746451677,-2.1172354262348536,15.68853363498235,16.27778360505183,39.130434782608695
marquee,2024,past_selected,36,1299.0665472928397,-272.5974842223501,3.4569217387644957,13.818778357457935,18.87086325559454,63.888888888888886
marquee,2025,past_selected,42,1379.5740919756838,-235.8089874907138,2.7242707868082694,13.034856432186332,16.167959013553237,52.38095238095239
marquee,2021,ranked_mean,24,1774.557235220278,-340.73376784277804,4.58882671737173,19.884069795908218,24.51951541433401,45.83333333333333
marquee,2022,ranked_mean,29,1612.0070049672088,109.40802729421623,-1.4737483355159453,16.753953987888053,23.857118314489366,51.724137931034484
marquee,2023,ranked_mean,23,1129.9658327732907,-150.098626957548,1.8207206476576032,13.360135480838638,15.68244736534936,52.17391304347826
marquee,2024,ranked_mean,36,1299.0665472928397,-272.5974842223501,3.4569217387644957,13.818778357457935,18.87086325559454,63.888888888888886
marquee,2025,ranked_mean,42,1379.5740919756838,-235.8089874907138,2.7242707868082694,13.034856432186332,16.167959013553237,52.38095238095239
marquee_2022_2025,2022,broad_to_marquee,29,1624.3821037224707,475.8059820102615,-6.409203157739607,20.590401096618354,25.460358458048365,44.827586206896555
marquee_2022_2025,2023,broad_to_marquee,23,1115.8261927142019,174.54304746451677,-2.1172354262348536,15.68853363498235,16.27778360505183,39.130434782608695
marquee_2022_2025,2024,broad_to_marquee,36,1346.7284907842345,140.40678886782035,-1.7805567138373668,11.27619500081149,20.792653024825043,41.66666666666667
marquee_2022_2025,2025,broad_to_marquee,42,1326.9261660974269,-113.57081218530854,1.3120689298693922,11.619180562418032,15.781469011657835,50.0
marquee_2022_2025,2022,current,29,1638.3286254491225,-83.79697873444071,1.128762312833298,18.930084637686495,23.686739822744773,51.724137931034484
marquee_2022_2025,2023,current,23,1153.89174792548,-359.8625612131931,4.365191133328117,9.79205640014442,15.348636895506704,56.52173913043478
marquee_2022_2025,2024,current,36,1398.99694103026,-469.3988766997804,5.952641806817027,15.267809759711447,19.755741089610076,63.888888888888886
marquee_2022_2025,2025,current,42,1398.660628080519,-605.4187096786418,6.994324186348622,13.704923504835747,16.064669062037957,66.66666666666666
marquee_2022_2025,2022,hybrid_mean,29,1623.4721638846918,212.9008381134051,-2.8678175044306586,19.000250400974465,24.504820373668828,51.724137931034484
marquee_2022_2025,2023,hybrid_mean,23,1112.3917514910315,-112.75595823809616,1.3677480298909583,11.740398688922253,15.5167571840526,52.17391304347826
marquee_2022_2025,2024,hybrid_mean,36,1337.3781448750462,-183.15504727985277,2.32266510570478,13.754654352644891,19.73966415664195,55.55555555555556
marquee_2022_2025,2025,hybrid_mean,42,1324.5360888167959,-191.98275517514736,2.2179519833407935,12.21892237069687,15.672369115927816,52.38095238095239
marquee_2022_2025,2022,marquee_mean,29,1630.4723488162906,73.10041674596624,-0.9846774516387491,18.744871710800027,24.119350716538396,51.724137931034484
marquee_2022_2025,2023,marquee_mean,23,1126.2091619829878,-220.3876375772646,2.6733377270592773,11.372190852866282,15.389416926692194,56.52173913043478
marquee_2022_2025,2024,marquee_mean,36,1365.4018058099396,-341.6593645865983,4.332724082400152,14.35346628412766,19.647713912316792,61.111111111111114
marquee_2022_2025,2025,marquee_mean,42,1327.7518822998743,-305.7293227537931,3.5320513925773622,13.398618077573069,15.591286071958434,59.523809523809526
marquee_2022_2025,2022,marquee_median,29,1642.7621384122579,-172.33849391448373,2.3214344946444476,19.07086861617465,23.442605597937565,51.724137931034484
marquee_2022_2025,2023,marquee_median,23,1155.2918414579433,-366.91674101161016,4.450759476434274,9.872769106744945,15.346574376563025,56.52173913043478
marquee_2022_2025,2024,marquee_median,36,1351.0007223687028,-270.8507567707018,3.4347707636132374,14.34427038663321,19.660204694059544,58.333333333333336
marquee_2022_2025,2025,marquee_median,42,1329.301145018094,-317.73395596500166,3.670739370129261,13.52312130051292,15.596255098843114,59.523809523809526
marquee_2022_2025,2022,past_selected,29,1638.3286254491225,-83.79697873444071,1.128762312833298,18.930084637686495,23.686739822744773,51.724137931034484
marquee_2022_2025,2023,past_selected,23,1115.8261927142019,174.54304746451677,-2.1172354262348536,15.68853363498235,16.27778360505183,39.130434782608695
marquee_2022_2025,2024,past_selected,36,1299.0665472928397,-272.5974842223501,3.4569217387644957,13.818778357457935,18.87086325559454,63.888888888888886
marquee_2022_2025,2025,past_selected,42,1379.5740919756838,-235.8089874907138,2.7242707868082694,13.034856432186332,16.167959013553237,52.38095238095239
marquee_2022_2025,2022,ranked_mean,29,1612.0070049672088,109.40802729421623,-1.4737483355159453,16.753953987888053,23.857118314489366,51.724137931034484
marquee_2022_2025,2023,ranked_mean,23,1129.9658327732907,-150.098626957548,1.8207206476576032,13.360135480838638,15.68244736534936,52.17391304347826
marquee_2022_2025,2024,ranked_mean,36,1299.0665472928397,-272.5974842223501,3.4569217387644957,13.818778357457935,18.87086325559454,63.888888888888886
marquee_2022_2025,2025,ranked_mean,42,1379.5740919756838,-235.8089874907138,2.7242707868082694,13.034856432186332,16.167959013553237,52.38095238095239
marquee_2024_2025,2024,broad_to_marquee,36,1346.7284907842345,140.40678886782035,-1.7805567138373668,11.27619500081149,20.792653024825043,41.66666666666667
marquee_2024_2025,2025,broad_to_marquee,42,1326.9261660974269,-113.57081218530854,1.3120689298693922,11.619180562418032,15.781469011657835,50.0
marquee_2024_2025,2024,current,36,1398.99694103026,-469.3988766997804,5.952641806817027,15.267809759711447,19.755741089610076,63.888888888888886
marquee_2024_2025,2025,current,42,1398.660628080519,-605.4187096786418,6.994324186348622,13.704923504835747,16.064669062037957,66.66666666666666
marquee_2024_2025,2024,hybrid_mean,36,1337.3781448750462,-183.15504727985277,2.32266510570478,13.754654352644891,19.73966415664195,55.55555555555556
marquee_2024_2025,2025,hybrid_mean,42,1324.5360888167959,-191.98275517514736,2.2179519833407935,12.21892237069687,15.672369115927816,52.38095238095239
marquee_2024_2025,2024,marquee_mean,36,1365.4018058099396,-341.6593645865983,4.332724082400152,14.35346628412766,19.647713912316792,61.111111111111114
marquee_2024_2025,2025,marquee_mean,42,1327.7518822998743,-305.7293227537931,3.5320513925773622,13.398618077573069,15.591286071958434,59.523809523809526
marquee_2024_2025,2024,marquee_median,36,1351.0007223687028,-270.8507567707018,3.4347707636132374,14.34427038663321,19.660204694059544,58.333333333333336
marquee_2024_2025,2025,marquee_median,42,1329.301145018094,-317.73395596500166,3.670739370129261,13.52312130051292,15.596255098843114,59.523809523809526
marquee_2024_2025,2024,past_selected,36,1299.0665472928397,-272.5974842223501,3.4569217387644957,13.818778357457935,18.87086325559454,63.888888888888886
marquee_2024_2025,2025,past_selected,42,1379.5740919756838,-235.8089874907138,2.7242707868082694,13.034856432186332,16.167959013553237,52.38095238095239
marquee_2024_2025,2024,ranked_mean,36,1299.0665472928397,-272.5974842223501,3.4569217387644957,13.818778357457935,18.87086325559454,63.888888888888886
marquee_2024_2025,2025,ranked_mean,42,1379.5740919756838,-235.8089874907138,2.7242707868082694,13.034856432186332,16.167959013553237,52.38095238095239
both_ranked,2021,broad_to_marquee,38,1396.6692431216616,-407.45642128156675,6.990538628696353,23.4848285489675,22.68207826695731,55.26315789473685
both_ranked,2022,broad_to_marquee,46,999.8462768294853,90.12395796518669,-1.7130292411051684,14.375625418812962,20.35024550036784,50.0
both_ranked,2023,broad_to_marquee,42,1177.4024468414075,-274.20723555030366,4.605797244174214,17.596837070958035,23.122283030801057,45.23809523809524
both_ranked,2024,broad_to_marquee,38,1112.4572376835467,-164.62249772808718,2.5412962762704328,17.338922712005925,20.43315638160236,39.473684210526315
both_ranked,2025,broad_to_marquee,47,1236.790073245862,-412.2853353241237,5.701116473730727,14.503433872202283,19.811647191401626,55.319148936170215
both_ranked,2021,current,38,1396.6692431216616,-407.45642128156675,6.990538628696353,23.4848285489675,22.68207826695731,55.26315789473685
both_ranked,2022,current,46,1021.0949923499736,-130.9738921676907,2.489483508827628,14.21696926483877,20.00987018061452,54.347826086956516
both_ranked,2023,current,42,1178.830236625567,-491.3612656669614,8.253284632555491,17.596837070958035,22.525019284451496,52.38095238095239
both_ranked,2024,current,38,1242.7625292209693,-523.4530105968888,8.080603835993571,18.32300718624103,21.392387466632655,52.63157894736842
both_ranked,2025,current,47,1257.3553088868657,-724.2526365597661,10.015026690647822,14.503433872202283,19.777074904810746,68.08510638297872
both_ranked,2021,hybrid_mean,38,1396.6692431216616,-407.45642128156675,6.990538628696353,23.4848285489675,22.68207826695731,55.26315789473685
both_ranked,2022,hybrid_mean,46,1017.0654089935779,54.626147770563946,-1.0383053582273316,15.375810639982372,20.737636352937933,52.17391304347826
both_ranked,2023,hybrid_mean,42,1156.3335707533145,-332.8567954157861,5.590920706209602,17.606127440807583,22.817215311027304,50.0
both_ranked,2024,hybrid_mean,38,1180.7043825957023,-305.8798145764846,4.721901589984756,17.46870985959167,21.583737075822228,52.63157894736842
both_ranked,2025,hybrid_mean,47,1186.4566147442188,-411.655504017211,5.6924071131692955,14.459559330041742,18.8996506353019,55.319148936170215
both_ranked,2021,marquee_mean,38,1396.6692431216616,-407.45642128156675,6.990538628696353,23.4848285489675,22.68207826695731,55.26315789473685
both_ranked,2022,marquee_mean,46,1012.6497036895287,-68.98408999437507,1.3112136439573763,14.151632426903145,20.06453609851661,54.347826086956516
both_ranked,2023,marquee_mean,42,1169.509132390335,-434.6860712529357,7.301324142813903,17.596837070958035,22.578911889920253,52.38095238095239
both_ranked,2024,marquee_mean,38,1204.595127538491,-448.2867121622568,6.920253112677011,16.932365570538252,21.054417340951606,52.63157894736842
both_ranked,2025,marquee_mean,47,1223.7964912078621,-534.1668606026237,7.386504509815972,14.857984132882423,19.57491177741238,63.829787234042556
both_ranked,2021,marquee_median,38,1396.6692431216616,-407.45642128156675,6.990538628696353,23.4848285489675,22.68207826695731,55.26315789473685
both_ranked,2022,marquee_median,46,1025.860900998992,-165.9564423453443,3.1544135977380483,14.56516054211183,19.979020699748766,54.347826086956516
both_ranked,2023,marquee_median,42,1179.301667213095,-494.22770933356895,8.301431641928724,17.596837070958035,22.522293574919836,52.38095238095239
both_ranked,2024,marquee_median,38,1183.4381610495957,-406.6205052167143,6.277047123104939,16.54604616117007,20.86707363118673,52.63157894736842
both_ranked,2025,marquee_median,47,1224.3230995908993,-541.7811109517884,7.491795007394808,14.692857562295751,19.57517997342039,63.829787234042556
both_ranked,2021,past_selected,38,1396.6692431216616,-407.45642128156675,6.990538628696353,23.4848285489675,22.68207826695731,55.26315789473685
both_ranked,2022,past_selected,46,1021.0949923499736,-130.9738921676907,2.489483508827628,14.21696926483877,20.00987018061452,54.347826086956516
both_ranked,2023,past_selected,42,1177.4024468414075,-274.20723555030366,4.605797244174214,17.596837070958035,23.122283030801057,45.23809523809524
both_ranked,2024,past_selected,38,1181.8079523733145,-269.0564044457612,4.153454407271262,17.935431542513562,22.081490064586887,52.63157894736842
both_ranked,2025,past_selected,47,1194.4939519860816,-303.32737049734624,4.194436524200695,13.375140301639883,19.602484898985097,51.06382978723404
both_ranked,2021,ranked_mean,38,1396.6692431216616,-407.45642128156675,6.990538628696353,23.4848285489675,22.68207826695731,55.26315789473685
both_ranked,2022,ranked_mean,46,1012.9986017664701,84.49527412713523,-1.6060421510880607,13.603814345728665,20.69280858101996,50.0
both_ranked,2023,ranked_mean,42,1156.2075434186436,-295.5094046703019,4.963604986303705,16.41196575441532,23.23550541033283,50.0
both_ranked,2024,ranked_mean,38,1181.8079523733145,-269.0564044457612,4.153454407271262,17.935431542513562,22.081490064586887,52.63157894736842
both_ranked,2025,ranked_mean,47,1194.4939519860816,-303.32737049734624,4.194436524200695,13.375140301639883,19.602484898985097,51.06382978723404
nonmarquee,2021,broad_to_marquee,162,600.9257306015643,-242.12798836285012,9.6949101969104,22.88627047823957,24.937488390941553,56.79012345679012
nonmarquee,2022,broad_to_marquee,151,541.0085429198463,-209.3600370419364,8.025835715947737,15.207855077513665,19.99785467836985,55.62913907284768
nonmarquee,2023,broad_to_marquee,179,740.9400622654022,-349.40676197852616,12.802895807103631,19.993804781688546,23.947065081342615,57.54189944134078
nonmarquee,2024,broad_to_marquee,180,521.0636854176503,15.897470018981716,-0.6833196671729214,20.361331855536555,24.40242639154594,46.111111111111114
nonmarquee,2025,broad_to_marquee,161,618.8364360609357,-295.68319918443,11.834678699488688,21.403009067168107,24.775416059729174,65.83850931677019
nonmarquee,2021,current,162,600.9257306015643,-242.12798836285012,9.6949101969104,22.88627047823957,24.937488390941553,56.79012345679012
nonmarquee,2022,current,151,541.0085429198463,-209.3600370419364,8.025835715947737,15.207855077513665,19.99785467836985,55.62913907284768
nonmarquee,2023,current,179,740.9400622654022,-349.40676197852616,12.802895807103631,19.993804781688546,23.947065081342615,57.54189944134078
nonmarquee,2024,current,180,521.0636854176503,15.897470018981716,-0.6833196671729214,20.361331855536555,24.40242639154594,46.111111111111114
nonmarquee,2025,current,161,618.8364360609357,-295.68319918443,11.834678699488688,21.403009067168107,24.775416059729174,65.83850931677019
nonmarquee,2021,hybrid_mean,162,600.9257306015643,-242.12798836285012,9.6949101969104,22.88627047823957,24.937488390941553,56.79012345679012
nonmarquee,2022,hybrid_mean,151,544.646112681209,-188.53044164783276,7.22733131642258,15.207855077513665,20.188066577631037,54.966887417218544
nonmarquee,2023,hybrid_mean,179,738.5668660193431,-335.7758888480504,12.303435958470088,20.18537191384638,23.980903083928265,57.54189944134078
nonmarquee,2024,hybrid_mean,180,526.0182309867715,26.27094971926687,-1.1292021055584023,20.361331855536555,24.60270468251588,46.111111111111114
nonmarquee,2025,hybrid_mean,161,606.4020444560449,-280.9804775073393,11.246204320368324,20.595922520554357,24.54559745744847,65.21739130434783
nonmarquee,2021,marquee_mean,162,600.9257306015643,-242.12798836285012,9.6949101969104,22.88627047823957,24.937488390941553,56.79012345679012
nonmarquee,2022,marquee_mean,151,541.0085429198463,-209.3600370419364,8.025835715947737,15.207855077513665,19.99785467836985,55.62913907284768
nonmarquee,2023,marquee_mean,179,740.9400622654022,-349.40676197852616,12.802895807103631,19.993804781688546,23.947065081342615,57.54189944134078
nonmarquee,2024,marquee_mean,180,521.0636854176503,15.897470018981716,-0.6833196671729214,20.361331855536555,24.40242639154594,46.111111111111114
nonmarquee,2025,marquee_mean,161,618.8364360609357,-295.68319918443,11.834678699488688,21.403009067168107,24.775416059729174,65.83850931677019
nonmarquee,2021,marquee_median,162,600.9257306015643,-242.12798836285012,9.6949101969104,22.88627047823957,24.937488390941553,56.79012345679012
nonmarquee,2022,marquee_median,151,541.0085429198463,-209.3600370419364,8.025835715947737,15.207855077513665,19.99785467836985,55.62913907284768
nonmarquee,2023,marquee_median,179,740.9400622654022,-349.40676197852616,12.802895807103631,19.993804781688546,23.947065081342615,57.54189944134078
nonmarquee,2024,marquee_median,180,521.0636854176503,15.897470018981716,-0.6833196671729214,20.361331855536555,24.40242639154594,46.111111111111114
nonmarquee,2025,marquee_median,161,618.8364360609357,-295.68319918443,11.834678699488688,21.403009067168107,24.775416059729174,65.83850931677019
nonmarquee,2021,past_selected,162,600.9257306015643,-242.12798836285012,9.6949101969104,22.88627047823957,24.937488390941553,56.79012345679012
nonmarquee,2022,past_selected,151,541.0085429198463,-209.3600370419364,8.025835715947737,15.207855077513665,19.99785467836985,55.62913907284768
nonmarquee,2023,past_selected,179,740.9400622654022,-349.40676197852616,12.802895807103631,19.993804781688546,23.947065081342615,57.54189944134078
nonmarquee,2024,past_selected,180,528.1815757195184,30.243141710955943,-1.2999385124500273,20.361331855536555,24.72487917347272,46.111111111111114
nonmarquee,2025,past_selected,161,605.4647015396079,-269.2243223332451,10.775665853487249,20.595922520554357,24.697503586204654,64.59627329192547
nonmarquee,2021,ranked_mean,162,600.9257306015643,-242.12798836285012,9.6949101969104,22.88627047823957,24.937488390941553,56.79012345679012
nonmarquee,2022,ranked_mean,151,543.5972384637823,-180.82602065298977,6.931981649577034,15.122520364910164,20.173180441005996,54.3046357615894
nonmarquee,2023,ranked_mean,179,738.7062239067965,-330.4056017886945,12.106658926205927,20.18537191384638,24.07087947508918,57.54189944134078
nonmarquee,2024,ranked_mean,180,528.1815757195184,30.243141710955943,-1.2999385124500273,20.361331855536555,24.72487917347272,46.111111111111114
nonmarquee,2025,ranked_mean,161,605.4647015396079,-269.2243223332451,10.775665853487249,20.595922520554357,24.697503586204654,64.59627329192547
