holdout_year,variant,feature,branch,component,coefficient,multiplier
2019,own_strength,SlateOwnLogAudience,regular,0,-1.0022510929629025,0.3670522417509358
2019,own_strength,Competing_Games_Score,regular,0,-0.0079820001827278,0.9920497713909626
2019,own_strength,SlateOwnLogAudience,regular,1,-0.9153008049134612,0.4003961668400433
2019,own_strength,Competing_Games_Score,regular,1,-0.0108394299036241,0.9892191050306854
2019,own_strength,SlateOwnLogAudience,week1,0,-1.0066389657119443,0.3654451915661727
2019,own_strength,Competing_Games_Score,week1,0,-0.0072400538709303,0.9927860921814354
2019,own_strength,SlateOwnLogAudience,week1,1,-0.9175298057655692,0.3995046773774716
2019,own_strength,Competing_Games_Score,week1,1,-0.0102441675894632,0.9898081251777134
2019,leader,SlateOwnLogAudience,regular,0,-1.0024596288188443,0.3669757061780099
2019,leader,SlateLeader,regular,0,0.10246368496749,1.1078970678612217
2019,leader,CompetitionXLeader,regular,0,0.0002739768621165,1.0002740143972049
2019,leader,Competing_Games_Score,regular,0,-0.005835466154782,0.9941815271072368
2019,leader,SlateOwnLogAudience,regular,1,-0.9290695308963725,0.3949210012587356
2019,leader,SlateLeader,regular,1,0.0997632461900717,1.1049092956214497
2019,leader,CompetitionXLeader,regular,1,-0.0008625376712503,0.9991378342074392
2019,leader,Competing_Games_Score,regular,1,-0.0091488350843864,0.990892888170639
2019,leader,SlateOwnLogAudience,week1,0,-1.0012490734155313,0.3674202196017876
2019,leader,SlateLeader,week1,0,0.1669931796392132,1.1817462053453969
2019,leader,CompetitionXLeader,week1,0,-0.0109809327238876,0.9890791376405887
2019,leader,Competing_Games_Score,week1,0,-0.0045845543272673,0.9954259387005128
2019,leader,SlateOwnLogAudience,week1,1,-0.9490537187934472,0.3871071624246909
2019,leader,SlateLeader,week1,1,0.1919885679483348,1.211656665164127
2019,leader,CompetitionXLeader,week1,1,-0.0147992324944667,0.9853097379249212
2019,leader,Competing_Games_Score,week1,1,-0.0077079698681922,0.9923216603530596
2019,share,SlateOwnLogAudience,regular,0,-1.025566490105995,0.3585932683182369
2019,share,SlateAudienceShare,regular,0,0.2430453035767517,1.2751263905962402
2019,share,CompetitionXShare,regular,0,0.0183389281962287,1.0185081190168286
2019,share,Competing_Games_Score,regular,0,-0.0048740770026902,0.995137782035512
2019,share,SlateOwnLogAudience,regular,1,-0.9712501853128896,0.3786094101798218
2019,share,SlateAudienceShare,regular,1,0.2871781972319263,1.3326616689385935
2019,share,CompetitionXShare,regular,1,0.0128359746130097,1.012918709349825
2019,share,Competing_Games_Score,regular,1,-0.0074775586939699,0.9925503286948866
2019,share,SlateOwnLogAudience,week1,0,-0.9999347321625972,0.3679034526505726
2019,share,SlateAudienceShare,week1,0,0.232142270976887,1.2612991623279082
2019,share,CompetitionXShare,week1,0,-0.0034418634278319,0.9965640529943104
2019,share,Competing_Games_Score,week1,0,-0.003430694413437,0.9965751836947232
2019,share,SlateOwnLogAudience,week1,1,-0.9439599679651745,0.3890840203905288
2019,share,SlateAudienceShare,week1,1,0.3006786490448823,1.3507751988853625
2019,share,CompetitionXShare,week1,1,-0.0103053372005357,0.9897475808514152
2019,share,Competing_Games_Score,week1,1,-0.0057674578083568,0.994249142048106
2019,stronger,SlateOwnLogAudience,regular,0,-1.0163900325866488,0.3618990285986576
2019,stronger,StrongerCompetition,regular,0,-0.0126072272977804,0.987471910872217
2019,stronger,Competing_Games_Score,regular,0,0.0049607397384769,1.0049730645795352
2019,stronger,SlateOwnLogAudience,regular,1,-0.9189547372538752,0.3989358159734672
2019,stronger,StrongerCompetition,regular,1,-0.0045979514484707,0.9954126029478936
2019,stronger,Competing_Games_Score,regular,1,-0.0061309809916162,0.993887775121643
2019,stronger,SlateOwnLogAudience,week1,0,-1.01384932832103,0.3628196760555567
2019,stronger,StrongerCompetition,week1,0,-0.0063174615928315,0.9937024516119546
2019,stronger,Competing_Games_Score,week1,0,-0.0007989594609384,0.999201359622188
2019,stronger,SlateOwnLogAudience,week1,1,-0.9179700707100622,0.3993288281858191
2019,stronger,StrongerCompetition,week1,1,-0.0005398658062632,0.9994602798950604
2019,stronger,Competing_Games_Score,week1,1,-0.0096946962816275,0.9903521457909328
2019,leader_only,SlateLeader,regular,0,0.1613537711559085,1.1751006119900658
2019,leader_only,CompetitionXLeader,regular,0,-0.0157781857238428,0.984345637756526
2019,leader_only,Competing_Games_Score,regular,0,-0.0183951153858203,0.981773042078575
2019,leader_only,SlateLeader,regular,1,0.0311117613010392,1.0316007904906106
2019,leader_only,CompetitionXLeader,regular,1,0.0065953250971685,1.0066171221469316
2019,leader_only,Competing_Games_Score,regular,1,-0.0192389508949951,0.9809449365652756
2019,leader_only,SlateLeader,week1,0,0.2160073035312883,1.2411114434638302
2019,leader_only,CompetitionXLeader,week1,0,-0.0254582119712476,0.9748631157224902
2019,leader_only,Competing_Games_Score,week1,0,-0.0165448565744237,0.9835912578666486
2019,leader_only,SlateLeader,week1,1,0.0762405212613577,1.0792221188083302
2019,leader_only,CompetitionXLeader,week1,1,-0.000281209161383,0.9997188303742072
2019,leader_only,Competing_Games_Score,week1,1,-0.01788780424786,0.9822712328359458
2019,share_only,SlateAudienceShare,regular,0,0.110096038802252,1.1163852816158717
2019,share_only,CompetitionXShare,regular,0,-0.1635466893838302,0.8491268528665102
2019,share_only,Competing_Games_Score,regular,0,-0.0102227483452327,0.9898293263467436
2019,share_only,SlateAudienceShare,regular,1,-0.006256617363223,0.9937629145114736
2019,share_only,CompetitionXShare,regular,1,-0.1970043796616369,0.8211870367834203
2019,share_only,Competing_Games_Score,regular,1,-0.0114370394121098,0.9886281148957942
2019,share_only,SlateAudienceShare,week1,0,0.1130979322846412,1.1197415864309574
2019,share_only,CompetitionXShare,week1,0,-0.1830328899482649,0.8327407664859501
2019,share_only,Competing_Games_Score,week1,0,-0.0077096034708506,0.9923200392950812
2019,share_only,SlateAudienceShare,week1,1,0.0417547652869005,1.0426387561797812
2019,share_only,CompetitionXShare,week1,1,-0.2220806218065401,0.800850795693956
2019,share_only,Competing_Games_Score,week1,1,-0.0083846739357204,0.9916503794040932
2019,stronger_only,StrongerCompetition,regular,0,0.0051805803684241,1.0051940227780372
2019,stronger_only,Competing_Games_Score,regular,0,-0.0257431165714582,0.9745854122976152
2019,stronger_only,StrongerCompetition,regular,1,0.0073315742209198,1.0073585160128673
2019,stronger_only,Competing_Games_Score,regular,1,-0.0276676070856524,0.9727116355275064
2019,stronger_only,StrongerCompetition,week1,0,0.012337013099281,1.0124134279657888
2019,stronger_only,Competing_Games_Score,week1,0,-0.0316138231925771,0.9688806690862468
2019,stronger_only,StrongerCompetition,week1,1,0.0118584137929679,1.0119290035333075
2019,stronger_only,Competing_Games_Score,week1,1,-0.0311408807066805,0.9693390022925016
2021,own_strength,SlateOwnLogAudience,regular,0,-0.8433743055582587,0.4302562551629115
2021,own_strength,Competing_Games_Score,regular,0,-0.0151890160845448,0.9849257551978784
2021,own_strength,SlateOwnLogAudience,regular,1,-0.8195419222374576,0.440633452668945
2021,own_strength,Competing_Games_Score,regular,1,-0.0146272143606628,0.9854792436458688
2021,own_strength,SlateOwnLogAudience,week1,0,-0.8419216150386877,0.430881738552671
2021,own_strength,Competing_Games_Score,week1,0,-0.0151760786883399,0.9849384976550328
2021,own_strength,SlateOwnLogAudience,week1,1,-0.8190585085894053,0.4408465123875923
2021,own_strength,Competing_Games_Score,week1,1,-0.0147452776546596,0.9853629015881968
2021,leader,SlateOwnLogAudience,regular,0,-0.8521806196091024,0.4264839180294226
2021,leader,SlateLeader,regular,0,0.1040123543315457,1.1096141633721652
2021,leader,CompetitionXLeader,regular,0,-0.0117671949101882,0.9883017677637208
2021,leader,Competing_Games_Score,regular,0,-0.0136516511247133,0.986441110070236
2021,leader,SlateOwnLogAudience,regular,1,-0.8275995612777761,0.4370972532001494
2021,leader,SlateLeader,regular,1,0.0694346230641778,1.0719019812469537
2021,leader,CompetitionXLeader,regular,1,-0.0030138055492007,0.9969907314037676
2021,leader,Competing_Games_Score,regular,1,-0.013470474973368,0.98661984586493
2021,leader,SlateOwnLogAudience,week1,0,-0.8529213184289763,0.4261681388577102
2021,leader,SlateLeader,week1,0,0.1126208701574897,1.1192075275276416
2021,leader,CompetitionXLeader,week1,0,-0.0120089318798465,0.9880628875635248
2021,leader,Competing_Games_Score,week1,0,-0.0133367280083498,0.986751812099786
2021,leader,SlateOwnLogAudience,week1,1,-0.8280225783781626,0.4369123926898489
2021,leader,SlateLeader,week1,1,0.056992771598777,1.0586481580342026
2021,leader,CompetitionXLeader,week1,1,-0.0004248068466095,0.9995752833710434
2021,leader,Competing_Games_Score,week1,1,-0.0136621922820874,0.9864307118940588
2021,share,SlateOwnLogAudience,regular,0,-0.8720028772518968,0.4181132804749592
2021,share,SlateAudienceShare,regular,0,0.2901222473824427,1.336590872774183
2021,share,CompetitionXShare,regular,0,0.0049251416303757,1.0049372900764997
2021,share,Competing_Games_Score,regular,0,-0.01049310218335,0.9895617583599308
2021,share,SlateOwnLogAudience,regular,1,-0.8317003761630724,0.435308468522106
2021,share,SlateAudienceShare,regular,1,0.2157473673721281,1.2407888756474623
2021,share,CompetitionXShare,regular,1,-0.0071007235244791,0.9929244270485096
2021,share,Competing_Games_Score,regular,1,-0.0109979236764215,0.989062332386678
2021,share,SlateOwnLogAudience,week1,0,-0.8822519825016921,0.413849878803648
2021,share,SlateAudienceShare,week1,0,0.3071825348524828,1.3595891178223616
2021,share,CompetitionXShare,week1,0,0.0133047758111493,1.0133936781786654
2021,share,Competing_Games_Score,week1,0,-0.0105819915615601,0.9894738007398364
2021,share,SlateOwnLogAudience,week1,1,-0.8494052645501897,0.4276692063660448
2021,share,SlateAudienceShare,week1,1,0.2597714335982879,1.2966336858975094
2021,share,CompetitionXShare,week1,1,0.0051792771740006,1.0051927128156457
2021,share,Competing_Games_Score,week1,1,-0.0109885308690961,0.989071622502229
2021,stronger,SlateOwnLogAudience,regular,0,-0.8506810223890765,0.4271239519038528
2021,stronger,StrongerCompetition,regular,0,-0.0054169941307046,0.9945976513252852
2021,stronger,Competing_Games_Score,regular,0,-0.0099034423826636,0.9901454352176098
2021,stronger,SlateOwnLogAudience,regular,1,-0.8305951270099552,0.4357898588173883
2021,stronger,StrongerCompetition,regular,1,-0.0078527649957801,0.9921779874134624
2021,stronger,Competing_Games_Score,regular,1,-0.0069588596273144,0.9930652971692768
2021,stronger,SlateOwnLogAudience,week1,0,-0.849533859200008,0.4276142139301564
2021,stronger,StrongerCompetition,week1,0,-0.0057175558174416,0.9942987582977244
2021,stronger,Competing_Games_Score,week1,0,-0.0096048455771469,0.990441133626666
2021,stronger,SlateOwnLogAudience,week1,1,-0.83046326725185,0.4358473257514614
2021,stronger,StrongerCompetition,week1,1,-0.0082146836825464,0.9918189646316647
2021,stronger,Competing_Games_Score,week1,1,-0.0067303963030509,0.9932922020870176
2021,leader_only,SlateLeader,regular,0,0.0646987991791046,1.066837643612528
2021,leader_only,CompetitionXLeader,regular,0,-0.0161911366572082,0.983939235224588
2021,leader_only,Competing_Games_Score,regular,0,-0.0183164526815727,0.9818502740386198
2021,leader_only,SlateLeader,regular,1,0.04099993144621,1.0418520341225714
2021,leader_only,CompetitionXLeader,regular,1,-0.0089046652790742,0.991134863834602
2021,leader_only,Competing_Games_Score,regular,1,-0.0175433767722368,0.9826096123072972
2021,leader_only,SlateLeader,week1,0,0.0653576857735431,1.0675408002591522
2021,leader_only,CompetitionXLeader,week1,0,-0.0153866009783628,0.9847311679715004
2021,leader_only,Competing_Games_Score,week1,0,-0.0183033108846066,0.9818631774003588
2021,leader_only,SlateLeader,week1,1,0.0175499535327583,1.0177048588340194
2021,leader_only,CompetitionXLeader,week1,1,-0.0047797026468211,0.9952317019544388
2021,leader_only,Competing_Games_Score,week1,1,-0.018078234183554,0.9820841967974384
2021,share_only,SlateAudienceShare,regular,0,0.0093174488988376,1.0093609914559434
2021,share_only,CompetitionXShare,regular,0,-0.1995138562904143,0.8191288706467702
2021,share_only,Competing_Games_Score,regular,0,-0.0090086588124309,0.991031797577284
2021,share_only,SlateAudienceShare,regular,1,-0.0755311509230498,0.9272508453643694
2021,share_only,CompetitionXShare,regular,1,-0.2493444909619144,0.7793114613824143
2021,share_only,Competing_Games_Score,regular,1,-0.0070757558989234,0.9929492183232976
2021,share_only,SlateAudienceShare,week1,0,-0.0011852695398724,0.9988154326146272
2021,share_only,CompetitionXShare,week1,0,-0.2000451019862077,0.8186938275275628
2021,share_only,Competing_Games_Score,week1,0,-0.0090102027411087,0.9910302674960522
2021,share_only,SlateAudienceShare,week1,1,-0.0559973872956889,0.9455416063078002
2021,share_only,CompetitionXShare,week1,1,-0.2458849734576695,0.7820121719084278
2021,share_only,Competing_Games_Score,week1,1,-0.0069900171773823,0.9930343561695848
2021,stronger_only,StrongerCompetition,regular,0,0.0123463782262269,1.0124229093904606
2021,stronger_only,Competing_Games_Score,regular,0,-0.0307842865966413,0.96968472450894
2021,stronger_only,StrongerCompetition,regular,1,0.0118725332788121,1.011943291551418
2021,stronger_only,Competing_Games_Score,regular,1,-0.0294754825817975,0.9709546826513844
2021,stronger_only,StrongerCompetition,week1,0,0.0117599134478662,1.0118293330861086
2021,stronger_only,Competing_Games_Score,week1,0,-0.0303107682728139,0.9701439967226534
2021,stronger_only,StrongerCompetition,week1,1,0.0111799449892272,1.0112426741256837
2021,stronger_only,Competing_Games_Score,week1,1,-0.0290760601689973,0.9713425811759742
2022,own_strength,SlateOwnLogAudience,regular,0,-0.4743784835789574,0.6222716883762092
2022,own_strength,Competing_Games_Score,regular,0,-0.0246371242809416,0.975663892535546
2022,own_strength,SlateOwnLogAudience,regular,1,-0.4610427238110665,0.630625734087781
2022,own_strength,Competing_Games_Score,regular,1,-0.0236007411374888,0.9766755783039304
2022,own_strength,SlateOwnLogAudience,week1,0,-0.4719166091828497,0.6238055304017548
2022,own_strength,Competing_Games_Score,week1,0,-0.0251957837345673,0.9751189809026096
2022,own_strength,SlateOwnLogAudience,week1,1,-0.4582344337688797,0.6323992030993116
2022,own_strength,Competing_Games_Score,week1,1,-0.0242177037491353,0.9760731918324816
2022,leader,SlateOwnLogAudience,regular,0,-0.4736065240091364,0.6227522424213625
2022,leader,SlateLeader,regular,0,0.0768306174409083,1.0798591515943468
2022,leader,CompetitionXLeader,regular,0,-0.0133954737069988,0.9866938463778262
2022,leader,Competing_Games_Score,regular,0,-0.0238956187475132,0.976387621001798
2022,leader,SlateOwnLogAudience,regular,1,-0.4609623201487985,0.6306764407447951
2022,leader,SlateLeader,regular,1,0.0620589216446388,1.064025036986166
2022,leader,CompetitionXLeader,regular,1,-0.0104786452185173,0.9895760645228826
2022,leader,Competing_Games_Score,regular,1,-0.0228921051445558,0.977367931056202
2022,leader,SlateOwnLogAudience,week1,0,-0.4712005538437646,0.6242523696440698
2022,leader,SlateLeader,week1,0,0.0703849807626504,1.0729211557603042
2022,leader,CompetitionXLeader,week1,0,-0.012334223370721,0.9877415313838006
2022,leader,Competing_Games_Score,week1,0,-0.0244293583836669,0.9758666232791552
2022,leader,SlateOwnLogAudience,week1,1,-0.4580404309824053,0.6325219022084767
2022,leader,SlateLeader,week1,1,0.0471848625873072,1.0483157855365246
2022,leader,CompetitionXLeader,week1,1,-0.0082638431783269,0.991770208509881
2022,leader,Competing_Games_Score,week1,1,-0.0236630514788356,0.9766147232112316
2022,share,SlateOwnLogAudience,regular,0,-0.4891321807923994,0.6131582738907047
2022,share,SlateAudienceShare,regular,0,0.2854556450762718,1.330368065700735
2022,share,CompetitionXShare,regular,0,-0.0061173229608975,0.9939013497641076
2022,share,Competing_Games_Score,regular,0,-0.018342845637042,0.9818243604500292
2022,share,SlateOwnLogAudience,regular,1,-0.4357683413261382,0.646767537892275
2022,share,SlateAudienceShare,regular,1,0.156594557799378,1.1695213444554162
2022,share,CompetitionXShare,regular,1,-0.0404047454703366,0.960400642665995
2022,share,Competing_Games_Score,regular,1,-0.0185451107257195,0.9816257917411328
2022,share,SlateOwnLogAudience,week1,0,-0.4999000112852292,0.6065913089658371
2022,share,SlateAudienceShare,week1,0,0.3083792652852476,1.3612171534613116
2022,share,CompetitionXShare,week1,0,0.0053749995919938,1.005389470818295
2022,share,Competing_Games_Score,week1,0,-0.0190999232155827,0.98108132454407
2022,share,SlateOwnLogAudience,week1,1,-0.4495344576530096,0.6379250636351818
2022,share,SlateAudienceShare,week1,1,0.1908317496811595,1.2102558090245283
2022,share,CompetitionXShare,week1,1,-0.0270558423923087,0.9733068882216528
2022,share,Competing_Games_Score,week1,1,-0.0191824082466298,0.9810004033579944
2022,stronger,SlateOwnLogAudience,regular,0,-0.4742967773762984,0.6223225339100581
2022,stronger,StrongerCompetition,regular,0,5.529393471337407e-05,1.0000552954634512
2022,stronger,Competing_Games_Score,regular,0,-0.0246907858158993,0.975611538318186
2022,stronger,SlateOwnLogAudience,regular,1,-0.4565016311798087,0.6334959760468388
2022,stronger,StrongerCompetition,regular,1,0.0032043479311875,1.0032094873420403
2022,stronger,Competing_Games_Score,regular,1,-0.0266884206075879,0.9736645680812666
2022,stronger,SlateOwnLogAudience,week1,0,-0.4735241681551927,0.6228035318260448
2022,stronger,StrongerCompetition,week1,0,-0.0010928189204354,0.9989077779887032
2022,stronger,Competing_Games_Score,week1,0,-0.024139414441202,0.976149610918522
2022,stronger,SlateOwnLogAudience,week1,1,-0.4553855257128671,0.6342034190860739
2022,stronger,StrongerCompetition,week1,1,0.0020258770742424,1.0020279305496649
2022,stronger,Competing_Games_Score,week1,1,-0.0261668830012762,0.974172503211577
2022,leader_only,SlateLeader,regular,0,0.061693774016178,1.0636365816933684
2022,leader_only,CompetitionXLeader,regular,0,-0.0162801934071483,0.983851612695907
2022,leader_only,Competing_Games_Score,regular,0,-0.0248461201798733,0.9754600040899368
2022,leader_only,SlateLeader,regular,1,0.0451188402696101,1.0461521775284317
2022,leader_only,CompetitionXLeader,regular,1,-0.0127458138461133,0.9873350700308824
2022,leader_only,Competing_Games_Score,regular,1,-0.0236186366507335,0.976658100349572
2022,leader_only,SlateLeader,week1,0,0.0547780569953063,1.0563061488968746
2022,leader_only,CompetitionXLeader,week1,0,-0.0151192803079701,0.9849944421552268
2022,leader_only,Competing_Games_Score,week1,0,-0.0254119503008444,0.9749082155618268
2022,leader_only,SlateLeader,week1,1,0.0287817146495714,1.0291999106902676
2022,leader_only,CompetitionXLeader,week1,1,-0.010305318077398,0.9897475997784948
2022,leader_only,Competing_Games_Score,week1,1,-0.0244413492566798,0.9758549218565532
2022,share_only,SlateAudienceShare,regular,0,0.1333826861097319,1.1426872051902572
2022,share_only,CompetitionXShare,regular,0,-0.1154537731068742,0.8909617576790847
2022,share_only,Competing_Games_Score,regular,0,-0.016802903815939,0.9833374776008345
2022,share_only,SlateAudienceShare,regular,1,-0.0009891115692683,0.9990113774403382
2022,share_only,CompetitionXShare,regular,1,-0.1492719371736906,0.8613348540824693
2022,share_only,Competing_Games_Score,regular,1,-0.0164559119616946,0.9836787469009448
2022,share_only,SlateAudienceShare,week1,0,0.1425358139529577,1.1531943806671126
2022,share_only,CompetitionXShare,week1,0,-0.1111695589003713,0.894787016962979
2022,share_only,Competing_Games_Score,week1,0,-0.0172209058006423,0.98292652647874
2022,share_only,SlateAudienceShare,week1,1,0.0218809097187534,1.022122052419339
2022,share_only,CompetitionXShare,week1,1,-0.1416027967495178,0.8679659469207264
2022,share_only,Competing_Games_Score,week1,1,-0.0169106091473992,0.9832315726152404
2022,stronger_only,StrongerCompetition,regular,0,0.0095502571089358,1.0095960063373426
2022,stronger_only,Competing_Games_Score,regular,0,-0.0342676486914072,0.9663128376566226
2022,stronger_only,StrongerCompetition,regular,1,0.0124147634832374,1.0124921465586965
2022,stronger_only,Competing_Games_Score,regular,1,-0.0357518007033144,0.9648797462402938
2022,stronger_only,StrongerCompetition,week1,0,0.0084193370372337,1.0084548793328056
2022,stronger_only,Competing_Games_Score,week1,0,-0.0337169996681094,0.96684508340373
2022,stronger_only,StrongerCompetition,week1,1,0.011195881331779,1.0112587897637533
2022,stronger_only,Competing_Games_Score,week1,1,-0.0352026131964751,0.9654097916763748
2023,own_strength,SlateOwnLogAudience,regular,0,-0.3239947500369123,0.7232540394268853
2023,own_strength,Competing_Games_Score,regular,0,-0.0291223739719458,0.9712975956488076
2023,own_strength,SlateOwnLogAudience,regular,1,-0.3093437458817994,0.7339284417809527
2023,own_strength,Competing_Games_Score,regular,1,-0.0273345458753715,0.9730356619994184
2023,own_strength,SlateOwnLogAudience,week1,0,-0.3223210031944624,0.7244655972293472
2023,own_strength,Competing_Games_Score,week1,0,-0.0292663599107342,0.9711577525206188
2023,own_strength,SlateOwnLogAudience,week1,1,-0.3079070423427599,0.734983637190647
2023,own_strength,Competing_Games_Score,week1,1,-0.0275230310533727,0.9728522764827338
2023,leader,SlateOwnLogAudience,regular,0,-0.3179132602135404,0.7276659032623346
2023,leader,SlateLeader,regular,0,0.0924550335875373,1.0968638184204955
2023,leader,CompetitionXLeader,regular,0,-0.0220952312558479,0.9781470804407908
2023,leader,Competing_Games_Score,regular,0,-0.0283609815977662,0.9720374158421796
2023,leader,SlateOwnLogAudience,regular,1,-0.3033244467101324,0.738359499193918
2023,leader,SlateLeader,regular,1,0.0631067150715508,1.0651404997111928
2023,leader,CompetitionXLeader,regular,1,-0.0169898800666542,0.983153634033811
2023,leader,Competing_Games_Score,regular,1,-0.0267307285702333,0.973623375188491
2023,leader,SlateOwnLogAudience,week1,0,-0.316550511972111,0.7286582046672853
2023,leader,SlateLeader,week1,0,0.0868928166659062,1.090779760041026
2023,leader,CompetitionXLeader,week1,0,-0.0211154042634385,0.9791059650465472
2023,leader,Competing_Games_Score,week1,0,-0.028501394955535,0.9719009383865974
2023,leader,SlateOwnLogAudience,week1,1,-0.3020392220129671,0.7393090671310426
2023,leader,SlateLeader,week1,1,0.0530646173372328,1.0544977817567032
2023,leader,CompetitionXLeader,week1,1,-0.0155701968170787,0.9845503920221708
2023,leader,Competing_Games_Score,week1,1,-0.0270590588782485,0.9733037575987664
2023,share,SlateOwnLogAudience,regular,0,-0.3073503800493468,0.7353928887646386
2023,share,SlateAudienceShare,regular,0,0.2592265909428022,1.2959274169770814
2023,share,CompetitionXShare,regular,0,-0.0495094294983035,0.9516961840765984
2023,share,Competing_Games_Score,regular,0,-0.0209352188143081,0.9792824015897768
2023,share,SlateOwnLogAudience,regular,1,-0.2657612647075147,0.7666221254134562
2023,share,SlateAudienceShare,regular,1,0.155326018928993,1.1680387017639933
2023,share,CompetitionXShare,regular,1,-0.073644049248508,0.9290023140673674
2023,share,Competing_Games_Score,regular,1,-0.0204223650631988,0.9797847590497706
2023,share,SlateOwnLogAudience,week1,0,-0.3089003920386796,0.7342539039183048
2023,share,SlateAudienceShare,week1,0,0.260116790190634,1.2970815642232068
2023,share,CompetitionXShare,week1,0,-0.0457074088988193,0.9553214398544506
2023,share,Competing_Games_Score,week1,0,-0.0212330738852321,0.9789907607960976
2023,share,SlateOwnLogAudience,week1,1,-0.2700784569393265,0.7633196042676094
2023,share,SlateAudienceShare,week1,1,0.1617608019522272,1.1755790114829772
2023,share,CompetitionXShare,week1,1,-0.067614191658732,0.9346209886012165
2023,share,Competing_Games_Score,week1,1,-0.0207895067927651,0.9794251052047376
2023,stronger,SlateOwnLogAudience,regular,0,-0.3150681543018606,0.7297391377127247
2023,stronger,StrongerCompetition,regular,0,0.0083560156528456,1.0083910245954597
2023,stronger,Competing_Games_Score,regular,0,-0.0371094765078186,0.9635706412257568
2023,stronger,SlateOwnLogAudience,regular,1,-0.2980488427635955,0.7422650845843288
2023,stronger,StrongerCompetition,regular,1,0.0099531914906109,1.0100028892479498
2023,stronger,Competing_Games_Score,regular,1,-0.0367792585892596,0.9638888820588076
2023,stronger,SlateOwnLogAudience,week1,0,-0.314655947421505,0.7300400032113088
2023,stronger,StrongerCompetition,week1,0,0.0072467458643546,1.00727306706978
2023,stronger,Competing_Games_Score,week1,0,-0.0361765500967296,0.964470001179003
2023,stronger,SlateOwnLogAudience,week1,1,-0.2979107862319003,0.7423675662014705
2023,stronger,StrongerCompetition,week1,1,0.0088945223726469,1.0089341961760387
2023,stronger,Competing_Games_Score,week1,1,-0.0359625900891008,0.964676381265568
2023,leader_only,SlateLeader,regular,0,0.0849961440672368,1.0887128686866852
2023,leader_only,CompetitionXLeader,regular,0,-0.0241895412903973,0.9761006808405492
2023,leader_only,Competing_Games_Score,regular,0,-0.0290341794614344,0.971383262542436
2023,leader_only,SlateLeader,regular,1,0.0566654095423296,1.0583016535154448
2023,leader_only,CompetitionXLeader,regular,1,-0.0190563385642965,0.9811240855633389
2023,leader_only,Competing_Games_Score,regular,1,-0.0273324629710092,0.9730376887417544
2023,leader_only,SlateLeader,week1,0,0.0789441623147375,1.0821438959730316
2023,leader_only,CompetitionXLeader,week1,0,-0.0231197427145511,0.9771454707165114
2023,leader_only,Competing_Games_Score,week1,0,-0.0291980426630098,0.971224101611745
2023,leader_only,SlateLeader,week1,1,0.0459128836661832,1.0469831976461634
2023,leader_only,CompetitionXLeader,week1,1,-0.0175264797539052,0.982626215620202
2023,leader_only,Competing_Games_Score,week1,1,-0.0276801445856864,0.9726994402317922
2023,share_only,SlateAudienceShare,regular,0,0.152155977049943,1.1643418328735224
2023,share_only,CompetitionXShare,regular,0,-0.1204332963680903,0.8865362205588871
2023,share_only,Competing_Games_Score,regular,0,-0.0203293242065545,0.979875923304014
2023,share_only,SlateAudienceShare,regular,1,0.0548950972017445,1.056429786421743
2023,share_only,CompetitionXShare,regular,1,-0.1409331703742382,0.868547354452813
2023,share_only,Competing_Games_Score,regular,1,-0.019494400091571,0.9806943869720532
2023,share_only,SlateAudienceShare,week1,0,0.149742748204728,1.1615353972244522
2023,share_only,CompetitionXShare,week1,0,-0.1189216507388239,0.8878773625722287
2023,share_only,Competing_Games_Score,week1,0,-0.0204639222706795,0.9797440427772854
2023,share_only,SlateAudienceShare,week1,1,0.0584776330625764,1.0602212715265562
2023,share_only,CompetitionXShare,week1,1,-0.1366991257796014,0.8722326189657479
2023,share_only,Competing_Games_Score,week1,1,-0.0198017147111359,0.9803930515543728
2023,stronger_only,StrongerCompetition,regular,0,0.0144555055666182,1.0145604916528856
2023,stronger_only,Competing_Games_Score,regular,0,-0.043303536164317,0.9576206734416708
2023,stronger_only,StrongerCompetition,regular,1,0.0159839151455438,1.0161123412555284
2023,stronger_only,Competing_Games_Score,regular,1,-0.0428560895338681,0.958049253461443
2023,stronger_only,StrongerCompetition,week1,0,0.0133300927703687,1.0134193345498583
2023,stronger_only,Competing_Games_Score,week1,0,-0.0423566072804366,0.958527901589632
2023,stronger_only,StrongerCompetition,week1,1,0.0149063092554819,1.0150179623720947
2023,stronger_only,Competing_Games_Score,week1,1,-0.0420288414140606,0.958842125810916
2024,own_strength,SlateOwnLogAudience,regular,0,-0.2756425985000955,0.7590841801104172
2024,own_strength,Competing_Games_Score,regular,0,-0.0299340823513252,0.970509505144652
2024,own_strength,SlateOwnLogAudience,regular,1,-0.2529305306834359,0.776521824390477
2024,own_strength,Competing_Games_Score,regular,1,-0.0290080976222128,0.9714085983349128
2024,own_strength,SlateOwnLogAudience,week1,0,-0.278545203133656,0.756884053445585
2024,own_strength,Competing_Games_Score,week1,0,-0.0306662770458559,0.9697991633199862
2024,own_strength,SlateOwnLogAudience,week1,1,-0.2564495678463023,0.7737940176742839
2024,own_strength,Competing_Games_Score,week1,1,-0.0297326943043316,0.9707049738403508
2024,leader,SlateOwnLogAudience,regular,0,-0.2686460245493663,0.7644137914801623
2024,leader,SlateLeader,regular,0,0.0165078972038619,1.0166449054064268
2024,leader,CompetitionXLeader,regular,0,-0.0101228858845699,0.9899281780746152
2024,leader,Competing_Games_Score,regular,0,-0.0301178267257496,0.9703311958649216
2024,leader,SlateOwnLogAudience,regular,1,-0.2460628797086617,0.7818730594295501
2024,leader,SlateLeader,regular,1,-0.0149141958135896,0.9851964699580408
2024,leader,CompetitionXLeader,regular,1,-0.0058875285648638,0.9941297689682153
2024,leader,Competing_Games_Score,regular,1,-0.0295037333191695,0.9709272528531028
2024,leader,SlateOwnLogAudience,week1,0,-0.2718055418610139,0.7620024242569277
2024,leader,SlateLeader,week1,0,0.0121300809795527,1.0122039487838317
2024,leader,CompetitionXLeader,week1,0,-0.0090726567725996,0.9909683755932372
2024,leader,Competing_Games_Score,week1,0,-0.0308719459611297,0.9695997262877348
2024,leader,SlateOwnLogAudience,week1,1,-0.2498382344635699,0.778926776388264
2024,leader,SlateLeader,week1,1,-0.0198334689547016,0.9803619204088992
2024,leader,CompetitionXLeader,week1,1,-0.0048170860602803,0.9951944974916564
2024,leader,Competing_Games_Score,week1,1,-0.0302844914491405,0.9701694893603244
2024,share,SlateOwnLogAudience,regular,0,-0.2438625702971528,0.783595316134798
2024,share,SlateAudienceShare,regular,0,0.221122735690833,1.2474765310622629
2024,share,CompetitionXShare,regular,0,-0.061650292682208,0.9402116281927538
2024,share,Competing_Games_Score,regular,0,-0.022919486448954,0.9773411698137534
2024,share,SlateOwnLogAudience,regular,1,-0.1968195123795332,0.821338861432282
2024,share,SlateAudienceShare,regular,1,0.0984575844195728,1.1034675991830614
2024,share,CompetitionXShare,regular,1,-0.0850684749563931,0.9184493914661565
2024,share,Competing_Games_Score,regular,1,-0.0231983951842612,0.9770686188343084
2024,share,SlateOwnLogAudience,week1,0,-0.2597940829083882,0.771210374851726
2024,share,SlateAudienceShare,week1,0,0.2473823158039841,1.280668639055869
2024,share,CompetitionXShare,week1,0,-0.0450673108566775,0.955933134989261
2024,share,Competing_Games_Score,week1,0,-0.0239005015013579,0.9763828535530268
2024,share,SlateOwnLogAudience,week1,1,-0.211966209036796,0.8089920337246835
2024,share,SlateAudienceShare,week1,1,0.1402109234691841,1.1505164441862916
2024,share,CompetitionXShare,week1,1,-0.0722449297035917,0.9303030090639676
2024,share,Competing_Games_Score,week1,1,-0.0238035270689125,0.9764775423172196
2024,stronger,SlateOwnLogAudience,regular,0,-0.2706210377503564,0.762905554035664
2024,stronger,StrongerCompetition,regular,0,0.0049387007059614,1.0049509161895531
2024,stronger,Competing_Games_Score,regular,0,-0.034555302472899,0.9660349140895654
2024,stronger,SlateOwnLogAudience,regular,1,-0.2452640501178353,0.7824978922999585
2024,stronger,StrongerCompetition,regular,1,0.0070255665205981,1.0070503037100569
2024,stronger,Competing_Games_Score,regular,1,-0.0355156420224657,0.9651076378765784
2024,stronger,SlateOwnLogAudience,week1,0,-0.2756813813551911,0.7590547412295202
2024,stronger,StrongerCompetition,week1,0,0.0027750483040719,1.0027789023148144
2024,stronger,Competing_Games_Score,week1,0,-0.0332544221787889,0.9672924276326812
2024,stronger,SlateOwnLogAudience,week1,1,-0.2504226583365206,0.7784716859806645
2024,stronger,StrongerCompetition,week1,1,0.0054560082901773,1.005470919409471
2024,stronger,Competing_Games_Score,week1,1,-0.0347928135298696,0.9658054973616328
2024,leader_only,SlateLeader,regular,0,0.0066373706150886,1.006659446774954
2024,leader_only,CompetitionXLeader,regular,0,-0.0117375217829006,0.9883310942029756
2024,leader_only,Competing_Games_Score,regular,0,-0.0310612815861604,0.969416163895527
2024,leader_only,SlateLeader,regular,1,-0.0225032671086725,0.977748042779008
2024,leader_only,CompetitionXLeader,regular,1,-0.007346645482004,0.9926802751521222
2024,leader_only,Competing_Games_Score,regular,1,-0.0303380590595948,0.9701175210909642
2024,leader_only,SlateLeader,week1,0,0.0024273538414958,1.0024303022499592
2024,leader_only,CompetitionXLeader,week1,0,-0.0107563134764446,0.9893013288054192
2024,leader_only,Competing_Games_Score,week1,0,-0.031819743392927,0.9686811775251296
2024,leader_only,SlateLeader,week1,1,-0.0273257814984088,0.97304419008813
2024,leader_only,CompetitionXLeader,week1,1,-0.0063377554963603,0.9936822857148884
2024,leader_only,Competing_Games_Score,week1,1,-0.0311268640791714,0.9693525892514482
2024,share_only,SlateAudienceShare,regular,0,0.1564829389402318,1.1693908111023286
2024,share_only,CompetitionXShare,regular,0,-0.110716219917325,0.8951927507598167
2024,share_only,Competing_Games_Score,regular,0,-0.0225829963921171,0.9776700907357394
2024,share_only,SlateAudienceShare,regular,1,0.0432314495393714,1.044179541758962
2024,share_only,CompetitionXShare,regular,1,-0.1299625952877718,0.8781282764417485
2024,share_only,Competing_Games_Score,regular,1,-0.0226054650858021,0.9776481240127284
2024,share_only,SlateAudienceShare,week1,0,0.1747875458868114,1.1909931583364062
2024,share_only,CompetitionXShare,week1,0,-0.0999722160271423,0.9048625583634704
2024,share_only,Competing_Games_Score,week1,0,-0.0233528631541523,0.9769177046843138
2024,share_only,SlateAudienceShare,week1,1,0.0785861345918189,1.0817565278064951
2024,share_only,CompetitionXShare,week1,1,-0.1217710196647555,0.8853510732796062
2024,share_only,Competing_Games_Score,week1,1,-0.0231129359809574,0.9771521219080492
2024,stronger_only,StrongerCompetition,regular,0,0.009177879157567,1.0092201250340909
2024,stronger_only,Competing_Games_Score,regular,0,-0.0391838863457645,0.9615738725823384
2024,stronger_only,StrongerCompetition,regular,1,0.0112474826080632,1.011310973354317
2024,stronger_only,Competing_Games_Score,regular,1,-0.0400552301478917,0.9607363760748604
2024,stronger_only,StrongerCompetition,week1,0,0.007221318065436,1.0072474546584094
2024,stronger_only,Competing_Games_Score,week1,0,-0.0380722524437122,0.9626433850414472
2024,stronger_only,StrongerCompetition,week1,1,0.0098654577164635,1.0099142817695674
2024,stronger_only,Competing_Games_Score,week1,1,-0.0395217878071576,0.961249010254374
2025,own_strength,SlateOwnLogAudience,regular,0,-0.1680325895388663,0.8453262854419185
2025,own_strength,Competing_Games_Score,regular,0,-0.0336039384679324,0.9669544022489884
2025,own_strength,SlateOwnLogAudience,regular,1,-0.1441894629991927,0.865723709909564
2025,own_strength,Competing_Games_Score,regular,1,-0.0322676789285107,0.9682473679696764
2025,own_strength,SlateOwnLogAudience,week1,0,-0.1635553561137704,0.8491194937452813
2025,own_strength,Competing_Games_Score,week1,0,-0.0340492703853687,0.9665238824601778
2025,own_strength,SlateOwnLogAudience,week1,1,-0.1407925742238039,0.8686694774521295
2025,own_strength,Competing_Games_Score,week1,1,-0.0328638158194058,0.9676703320074188
2025,leader,SlateOwnLogAudience,regular,0,-0.1597458678080557,0.8523603736545581
2025,leader,SlateLeader,regular,0,-0.0145463143671065,0.9855589721353032
2025,leader,CompetitionXLeader,regular,0,-0.0067943810557606,0.9932286485643486
2025,leader,Competing_Games_Score,regular,0,-0.0341616569125228,0.9664152643013398
2025,leader,SlateOwnLogAudience,regular,1,-0.1368316629432505,0.8721170233889121
2025,leader,SlateLeader,regular,1,-0.0287113137822614,0.9716969394942702
2025,leader,CompetitionXLeader,regular,1,-0.0038623494173159,0.9961450998605372
2025,leader,Competing_Games_Score,regular,1,-0.0329155142895459,0.9676203062247932
2025,leader,SlateOwnLogAudience,week1,0,-0.1558862963396932,0.8556564761133405
2025,leader,SlateLeader,week1,0,-0.0175951739328142,0.9825587172375452
2025,leader,CompetitionXLeader,week1,0,-0.0057670745610692,0.994249523091466
2025,leader,Competing_Games_Score,week1,0,-0.0346214302506953,0.9659710344595552
2025,leader,SlateOwnLogAudience,week1,1,-0.1340725603065888,0.8745266063824088
2025,leader,SlateLeader,week1,1,-0.0318188693019438,0.9686820242409824
2025,leader,CompetitionXLeader,week1,1,-0.0028208420639545,0.9971831327726798
2025,leader,Competing_Games_Score,week1,1,-0.0335403566447815,0.9670158849273568
2025,share,SlateOwnLogAudience,regular,0,-0.1345377770029496,0.8741198566244331
2025,share,SlateAudienceShare,regular,0,0.1294382028295377,1.138188772443842
2025,share,CompetitionXShare,regular,0,-0.0603658477706002,0.941420054146566
2025,share,Competing_Games_Score,regular,0,-0.0282849851977467,0.9721112899935171
2025,share,SlateOwnLogAudience,regular,1,-0.0843455736710597,0.91911357975412
2025,share,SlateAudienceShare,regular,1,0.0403974390389745,1.0412245152392134
2025,share,CompetitionXShare,regular,1,-0.0875435984586662,0.9161789267910462
2025,share,Competing_Games_Score,regular,1,-0.0272799662885021,0.9730887713331892
2025,share,SlateOwnLogAudience,week1,0,-0.1395245353273098,0.8697716828096802
2025,share,SlateAudienceShare,week1,0,0.1461393712592892,1.1573574791801824
2025,share,CompetitionXShare,week1,0,-0.0487031002780144,0.9524638739824648
2025,share,Competing_Games_Score,week1,0,-0.0289008158212277,0.971512818389192
2025,share,SlateOwnLogAudience,week1,1,-0.091563587363141,0.9125032906290772
2025,share,SlateAudienceShare,week1,1,0.0699998523457084,1.0725080228937924
2025,share,CompetitionXShare,week1,1,-0.0760637306588908,0.9267571418340044
2025,share,Competing_Games_Score,week1,1,-0.0278593150749582,0.972525176809069
2025,stronger,SlateOwnLogAudience,regular,0,-0.1626338364496022,0.8499023347022651
2025,stronger,StrongerCompetition,regular,0,0.0049840242481934,1.0049964651570569
2025,stronger,Competing_Games_Score,regular,0,-0.0382358754187583,0.9624858873523496
2025,stronger,SlateOwnLogAudience,regular,1,-0.1353458690029404,0.8734137726900747
2025,stronger,StrongerCompetition,regular,1,0.0075444718512757,1.00757300308493
2025,stronger,Competing_Games_Score,regular,1,-0.0392288185168175,0.9615306679512616
2025,stronger,SlateOwnLogAudience,week1,0,-0.1604747399515549,0.8517393382771662
2025,stronger,StrongerCompetition,week1,0,0.0028886693618027,1.0028928455874204
2025,stronger,Competing_Games_Score,week1,0,-0.0367240072473845,0.9639421396842242
2025,stronger,SlateOwnLogAudience,week1,1,-0.1340925440306007,0.8745091302586853
2025,stronger,StrongerCompetition,week1,1,0.0057775516925002,1.0057942739333057
2025,stronger,Competing_Games_Score,week1,1,-0.038195694466471,0.962524561728848
2025,leader_only,SlateLeader,regular,0,-0.0184398089413948,0.9817291641310952
2025,leader_only,CompetitionXLeader,regular,0,-0.0082690117500967,0.9917650824876264
2025,leader_only,Competing_Games_Score,regular,0,-0.034524065040845,0.9660650910108785
2025,leader_only,SlateLeader,regular,1,-0.0314174620319174,0.9690709382990998
2025,leader_only,CompetitionXLeader,regular,1,-0.0052746538301813,0.9947392327300052
2025,leader_only,Competing_Games_Score,regular,1,-0.0331954658064138,0.9673494573663568
2025,leader_only,SlateLeader,week1,0,-0.021401222127932,0.9788261590591844
2025,leader_only,CompetitionXLeader,week1,0,-0.0071931722300577,0.992832636713506
2025,leader_only,Competing_Games_Score,week1,0,-0.0349887239357833,0.9656163045476366
2025,leader_only,SlateLeader,week1,1,-0.034573427847232,0.9660174045038132
2025,leader_only,CompetitionXLeader,week1,1,-0.0041841836200056,0.9958245578800136
2025,leader_only,Competing_Games_Score,week1,1,-0.0338220808759534,0.9667434914923616
2025,share_only,SlateAudienceShare,regular,0,0.0871733981709555,1.091085855608145
2025,share_only,CompetitionXShare,regular,0,-0.0894141979787267,0.9144667248516344
2025,share_only,Competing_Games_Score,regular,0,-0.0279695671881863,0.9724179597637198
2025,share_only,SlateAudienceShare,regular,1,0.0127768156810609,1.0128587879332898
2025,share_only,CompetitionXShare,regular,1,-0.1074664553357542,0.8981066486314987
2025,share_only,Competing_Games_Score,regular,1,-0.0269515740960801,0.9734083785636156
2025,share_only,SlateAudienceShare,week1,0,0.1007347129228063,1.105983199791465
2025,share_only,CompetitionXShare,week1,0,-0.0798091343512517,0.9232925544024528
2025,share_only,Competing_Games_Score,week1,0,-0.028489863660769,0.9719121457274188
2025,share_only,SlateAudienceShare,week1,1,0.0392520807742472,1.0400326228374523
2025,share_only,CompetitionXShare,week1,1,-0.098072055892514,0.9065835767115914
2025,share_only,Competing_Games_Score,week1,1,-0.0274806651169893,0.972893493153475
2025,stronger_only,StrongerCompetition,regular,0,0.0082193615103449,1.008253233199785
2025,stronger_only,Competing_Games_Score,regular,0,-0.041471757721943,0.9593764299347596
2025,stronger_only,StrongerCompetition,regular,1,0.0105219528935412,1.0105775033018598
2025,stronger_only,Competing_Games_Score,regular,1,-0.0421587160091341,0.9587176046643286
2025,stronger_only,StrongerCompetition,week1,0,0.0060833378902367,1.006101878968327
2025,stronger_only,Competing_Games_Score,week1,0,-0.0399231412185516,0.96086328709574
2025,stronger_only,StrongerCompetition,week1,1,0.0087343699289742,1.0087726258373038
2025,stronger_only,Competing_Games_Score,week1,1,-0.0411114587516607,0.95972215455295
