source_row,team1,team2,network,viewers_000s,reported_date,reported_time,scheduled_date,kickoff_utc,broadcast_type,training_eligible,cfbd_game_id,source_index,source
1,Ohio St.,Texas,ABC,13990,09/11/26,7:30p,09/12/26,2026-09-12T23:30:00.000Z,game,true,401856682,1044057,"User-provided official Week 2 ratings, September 15, 2026"
2,Oklahoma,Michigan,FOX,8220,09/11/26,12:00p,09/12/26,2026-09-12T16:00:00.000Z,game,true,401856679,1044037,"User-provided official Week 2 ratings, September 15, 2026"
3,Alabama,Kentucky,ABC,7280,09/11/26,3:30p,09/12/26,2026-09-12T19:30:00.000Z,game,true,401856674,1044046,"User-provided official Week 2 ratings, September 15, 2026"
4,Missouri,Kansas,FOX,3090,09/10/26,8:00p,09/11/26,2026-09-12T00:00:00.000Z,game,true,401856678,1044036,"User-provided official Week 2 ratings, September 15, 2026"
5,Arizona,BYU,FOX,3010,09/11/26,3:30p,09/12/26,2026-09-12T19:30:00.000Z,game,true,401856810,1044049,"User-provided official Week 2 ratings, September 15, 2026"
6,Arizona St.,Texas A&M,ABC,2530,09/11/26,12:00p,09/12/26,2026-09-12T16:00:00.000Z,game,true,401856683,1044038,"User-provided official Week 2 ratings, September 15, 2026"
7,Oregon,Oklahoma St.,ESPN,2140,09/11/26,1:30p,09/12/26,2026-09-12T16:00:00.000Z,game,true,401856782,1044040,"User-provided official Week 2 ratings, September 15, 2026"
8,Iowa St.,Iowa,NBC,1990,09/11/26,7:30p,09/12/26,2026-09-12T23:30:00.000Z,game,true,401856788,1044059,"User-provided official Week 2 ratings, September 15, 2026"
9,Tennessee,Georgia Tech,ESPN,1800,09/11/26,7:00p,09/12/26,2026-09-12T23:00:00.000Z,game,true,401856681,1044055,"User-provided official Week 2 ratings, September 15, 2026"
10,Rice,Notre Dame,NBC,1630,09/11/26,3:30p,09/12/26,2026-09-12T19:30:00.000Z,game,true,401859184,1044051,"User-provided official Week 2 ratings, September 15, 2026"
11,Texas Tech,Oregon St.,CBS,1230,09/11/26,7:30p,09/12/26,2026-09-12T23:30:00.000Z,game,true,401856783,1044058,"User-provided official Week 2 ratings, September 15, 2026"
12,Mississippi St.,Minnesota,CBS,1160,09/11/26,3:30p,09/12/26,2026-09-12T19:30:00.000Z,game,true,401856677,1044047,"User-provided official Week 2 ratings, September 15, 2026"
13,Arkansas,Utah,ESPN,1040,09/11/26,11:00p,09/12/26,2026-09-13T02:15:00.000Z,game,true,401856670,1044063,"User-provided official Week 2 ratings, September 15, 2026"
14,Oregon,Oklahoma St.,ESPN2,990,09/11/26,3:30p,,,partial,false,,,"User-provided official Week 2 ratings, September 15, 2026"
15,Penn St.,Temple,ESPN2,900,09/11/26,12:00p,09/12/26,2026-09-12T16:00:00.000Z,game,true,401858442,1044044,"User-provided official Week 2 ratings, September 15, 2026"
16,UCF,Pittsburgh,ESPN2,860,09/11/26,4:30p,09/12/26,2026-09-12T19:30:00.000Z,game,true,401856790,1044048,"User-provided official Week 2 ratings, September 15, 2026"
17,Rutgers,Boston College,ESPN2,740,09/10/26,7:30p,09/11/26,2026-09-11T23:30:00.000Z,game,true,401858214,1044035,"User-provided official Week 2 ratings, September 15, 2026"
18,Bowling Green,Nebraska,FS1,630,09/11/26,7:00p,09/12/26,2026-09-12T23:00:00.000Z,game,true,401858441,1044056,"User-provided official Week 2 ratings, September 15, 2026"
19,Regionalized Coverage,,BTN,490,09/11/26,7:15p,,,regional,false,,,"User-provided official Week 2 ratings, September 15, 2026"
20,Duke,Illinois,FS1,490,09/11/26,3:45p,09/12/26,2026-09-12T19:30:00.000Z,game,true,401858217,1044050,"User-provided official Week 2 ratings, September 15, 2026"
21,Regionalized Coverage,,BTN,480,09/11/26,3:30p,,,regional,false,,,"User-provided official Week 2 ratings, September 15, 2026"
22,Louisiana,USC,BTN,390,09/11/26,11:00p,09/12/26,2026-09-13T03:00:00.000Z,game,true,401858445,1044065,"User-provided official Week 2 ratings, September 15, 2026"
23,Old Dominion,Virginia Tech,CW,370,09/11/26,12:00p,09/12/26,2026-09-12T16:00:00.000Z,game,true,401858221,1044041,"User-provided official Week 2 ratings, September 15, 2026"
24,UTSA,Texas St.,CW,370,09/11/26,3:40p,09/12/26,2026-09-12T19:30:00.000Z,game,true,401860884,1044052,"User-provided official Week 2 ratings, September 15, 2026"
25,Memphis,Boise St.,USA,340,09/11/26,6:00p,09/12/26,2026-09-12T22:00:00.000Z,game,false,401860881,1044054,"User-provided official Week 2 ratings, September 15, 2026"
26,Montana State,Nevada,CW,300,09/11/26,10:30p,09/12/26,2026-09-13T02:30:00.000Z,game,true,401864500,1044064,"User-provided official Week 2 ratings, September 15, 2026"
27,Wake Forest,Purdue,FS1,280,09/11/26,12:00p,09/12/26,2026-09-12T16:00:00.000Z,game,true,401858224,1044042,"User-provided official Week 2 ratings, September 15, 2026"
28,Howard,Indiana,BTN,280,09/11/26,12:00p,09/12/26,2026-09-12T16:00:00.000Z,game,true,401858439,1044043,"User-provided official Week 2 ratings, September 15, 2026"
29,Charlotte,Mississippi,ESPN2,270,09/11/26,7:45p,09/12/26,2026-09-12T23:45:00.000Z,game,true,401856676,1044061,"User-provided official Week 2 ratings, September 15, 2026"
30,Washington St.,Kansas St.,TNT,260,09/11/26,12:00p,09/12/26,2026-09-12T16:00:00.000Z,game,false,401856781,1044039,"User-provided official Week 2 ratings, September 15, 2026"
31,North Dakota State,Air Force,FS1,240,09/11/26,10:20p,09/12/26,2026-09-13T02:00:00.000Z,game,true,401864502,1044062,"User-provided official Week 2 ratings, September 15, 2026"
32,Appalachian St.,East Carolina,ESPNU,190,09/11/26,12:00p,09/12/26,2026-09-12T16:00:00.000Z,game,true,401864571,1044045,"User-provided official Week 2 ratings, September 15, 2026"
33,Richmond,North Carolina St.,ESPNU,160,09/10/26,7:00p,09/11/26,2026-09-11T23:00:00.000Z,game,true,401858222,1044034,"User-provided official Week 2 ratings, September 15, 2026"
34,UNLV,North Texas,ESPNU,90,09/11/26,3:45p,09/12/26,2026-09-12T19:45:00.000Z,game,true,401862705,1044053,"User-provided official Week 2 ratings, September 15, 2026"
35,Navy,FAU,ESPNU,50,09/11/26,7:35p,09/12/26,2026-09-12T23:30:00.000Z,game,true,401862703,1044060,"User-provided official Week 2 ratings, September 15, 2026"
